Timing Analyzer report for genius_game
Wed May 13 17:13:50 2026
Quartus Prime Version 20.1.0 Build 711 06/05/2020 SJ Lite Edition


---------------------
; Table of Contents ;
---------------------
  1. Legal Notice
  2. Timing Analyzer Summary
  3. Parallel Compilation
  4. Clocks
  5. Slow 1200mV 85C Model Fmax Summary
  6. Timing Closure Recommendations
  7. Slow 1200mV 85C Model Setup Summary
  8. Slow 1200mV 85C Model Hold Summary
  9. Slow 1200mV 85C Model Recovery Summary
 10. Slow 1200mV 85C Model Removal Summary
 11. Slow 1200mV 85C Model Minimum Pulse Width Summary
 12. Slow 1200mV 85C Model Setup: 'clock'
 13. Slow 1200mV 85C Model Setup: 'debounce:key1|alt'
 14. Slow 1200mV 85C Model Setup: 'debounce:key0|alt'
 15. Slow 1200mV 85C Model Setup: 'debounce:key3|alt'
 16. Slow 1200mV 85C Model Setup: 'debounce:key2|alt'
 17. Slow 1200mV 85C Model Hold: 'clock'
 18. Slow 1200mV 85C Model Hold: 'debounce:key2|alt'
 19. Slow 1200mV 85C Model Hold: 'debounce:key3|alt'
 20. Slow 1200mV 85C Model Hold: 'debounce:key0|alt'
 21. Slow 1200mV 85C Model Hold: 'debounce:key1|alt'
 22. Slow 1200mV 85C Model Metastability Summary
 23. Slow 1200mV 0C Model Fmax Summary
 24. Slow 1200mV 0C Model Setup Summary
 25. Slow 1200mV 0C Model Hold Summary
 26. Slow 1200mV 0C Model Recovery Summary
 27. Slow 1200mV 0C Model Removal Summary
 28. Slow 1200mV 0C Model Minimum Pulse Width Summary
 29. Slow 1200mV 0C Model Setup: 'clock'
 30. Slow 1200mV 0C Model Setup: 'debounce:key1|alt'
 31. Slow 1200mV 0C Model Setup: 'debounce:key0|alt'
 32. Slow 1200mV 0C Model Setup: 'debounce:key3|alt'
 33. Slow 1200mV 0C Model Setup: 'debounce:key2|alt'
 34. Slow 1200mV 0C Model Hold: 'clock'
 35. Slow 1200mV 0C Model Hold: 'debounce:key2|alt'
 36. Slow 1200mV 0C Model Hold: 'debounce:key3|alt'
 37. Slow 1200mV 0C Model Hold: 'debounce:key0|alt'
 38. Slow 1200mV 0C Model Hold: 'debounce:key1|alt'
 39. Slow 1200mV 0C Model Metastability Summary
 40. Fast 1200mV 0C Model Setup Summary
 41. Fast 1200mV 0C Model Hold Summary
 42. Fast 1200mV 0C Model Recovery Summary
 43. Fast 1200mV 0C Model Removal Summary
 44. Fast 1200mV 0C Model Minimum Pulse Width Summary
 45. Fast 1200mV 0C Model Setup: 'clock'
 46. Fast 1200mV 0C Model Setup: 'debounce:key1|alt'
 47. Fast 1200mV 0C Model Setup: 'debounce:key0|alt'
 48. Fast 1200mV 0C Model Setup: 'debounce:key2|alt'
 49. Fast 1200mV 0C Model Setup: 'debounce:key3|alt'
 50. Fast 1200mV 0C Model Hold: 'clock'
 51. Fast 1200mV 0C Model Hold: 'debounce:key2|alt'
 52. Fast 1200mV 0C Model Hold: 'debounce:key3|alt'
 53. Fast 1200mV 0C Model Hold: 'debounce:key0|alt'
 54. Fast 1200mV 0C Model Hold: 'debounce:key1|alt'
 55. Fast 1200mV 0C Model Metastability Summary
 56. Multicorner Timing Analysis Summary
 57. Board Trace Model Assignments
 58. Input Transition Times
 59. Signal Integrity Metrics (Slow 1200mv 0c Model)
 60. Signal Integrity Metrics (Slow 1200mv 85c Model)
 61. Signal Integrity Metrics (Fast 1200mv 0c Model)
 62. Setup Transfers
 63. Hold Transfers
 64. Report TCCS
 65. Report RSKM
 66. Unconstrained Paths Summary
 67. Clock Status Summary
 68. Unconstrained Input Ports
 69. Unconstrained Output Ports
 70. Unconstrained Input Ports
 71. Unconstrained Output Ports
 72. Timing Analyzer Messages



----------------
; Legal Notice ;
----------------
Copyright (C) 2020  Intel Corporation. All rights reserved.
Your use of Intel Corporation's design tools, logic functions 
and other software and tools, and any partner logic 
functions, and any output files from any of the foregoing 
(including device programming or simulation files), and any 
associated documentation or information are expressly subject 
to the terms and conditions of the Intel Program License 
Subscription Agreement, the Intel Quartus Prime License Agreement,
the Intel FPGA IP License Agreement, or other applicable license
agreement, including, without limitation, that your use is for
the sole purpose of programming logic devices manufactured by
Intel and sold by Intel or its authorized distributors.  Please
refer to the applicable agreement for further details, at
https://fpgasoftware.intel.com/eula.



+-----------------------------------------------------------------------------+
; Timing Analyzer Summary                                                     ;
+-----------------------+-----------------------------------------------------+
; Quartus Prime Version ; Version 20.1.0 Build 711 06/05/2020 SJ Lite Edition ;
; Timing Analyzer       ; Legacy Timing Analyzer                              ;
; Revision Name         ; genius_game                                         ;
; Device Family         ; Cyclone IV E                                        ;
; Device Name           ; EP4CE6E22C8                                         ;
; Timing Models         ; Final                                               ;
; Delay Model           ; Combined                                            ;
; Rise/Fall Delays      ; Enabled                                             ;
+-----------------------+-----------------------------------------------------+


+------------------------------------------+
; Parallel Compilation                     ;
+----------------------------+-------------+
; Processors                 ; Number      ;
+----------------------------+-------------+
; Number detected on machine ; 32          ;
; Maximum allowed            ; 16          ;
;                            ;             ;
; Average used               ; 1.16        ;
; Maximum used               ; 16          ;
;                            ;             ;
; Usage by Processor         ; % Time Used ;
;     Processor 1            ; 100.0%      ;
;     Processor 2            ;   2.7%      ;
;     Processor 3            ;   1.8%      ;
;     Processors 4-16        ;   0.9%      ;
+----------------------------+-------------+


+------------------------------------------------------------------------------------------------------------------------------------------------------------------------------------------------------+
; Clocks                                                                                                                                                                                               ;
+-------------------+------+--------+------------+-------+-------+------------+-----------+-------------+-------+--------+-----------+------------+----------+--------+--------+-----------------------+
; Clock Name        ; Type ; Period ; Frequency  ; Rise  ; Fall  ; Duty Cycle ; Divide by ; Multiply by ; Phase ; Offset ; Edge List ; Edge Shift ; Inverted ; Master ; Source ; Targets               ;
+-------------------+------+--------+------------+-------+-------+------------+-----------+-------------+-------+--------+-----------+------------+----------+--------+--------+-----------------------+
; clock             ; Base ; 1.000  ; 1000.0 MHz ; 0.000 ; 0.500 ;            ;           ;             ;       ;        ;           ;            ;          ;        ;        ; { clock }             ;
; debounce:key0|alt ; Base ; 1.000  ; 1000.0 MHz ; 0.000 ; 0.500 ;            ;           ;             ;       ;        ;           ;            ;          ;        ;        ; { debounce:key0|alt } ;
; debounce:key1|alt ; Base ; 1.000  ; 1000.0 MHz ; 0.000 ; 0.500 ;            ;           ;             ;       ;        ;           ;            ;          ;        ;        ; { debounce:key1|alt } ;
; debounce:key2|alt ; Base ; 1.000  ; 1000.0 MHz ; 0.000 ; 0.500 ;            ;           ;             ;       ;        ;           ;            ;          ;        ;        ; { debounce:key2|alt } ;
; debounce:key3|alt ; Base ; 1.000  ; 1000.0 MHz ; 0.000 ; 0.500 ;            ;           ;             ;       ;        ;           ;            ;          ;        ;        ; { debounce:key3|alt } ;
+-------------------+------+--------+------------+-------+-------+------------+-----------+-------------+-------+--------+-----------+------------+----------+--------+--------+-----------------------+


+----------------------------------------------------------------------------------------------------+
; Slow 1200mV 85C Model Fmax Summary                                                                 ;
+-------------+-----------------+-------------------+------------------------------------------------+
; Fmax        ; Restricted Fmax ; Clock Name        ; Note                                           ;
+-------------+-----------------+-------------------+------------------------------------------------+
; 125.03 MHz  ; 125.03 MHz      ; clock             ;                                                ;
; 836.12 MHz  ; 402.09 MHz      ; debounce:key1|alt ; limit due to minimum period restriction (tmin) ;
; 998.0 MHz   ; 402.09 MHz      ; debounce:key0|alt ; limit due to minimum period restriction (tmin) ;
; 1011.12 MHz ; 402.09 MHz      ; debounce:key3|alt ; limit due to minimum period restriction (tmin) ;
; 1014.2 MHz  ; 402.09 MHz      ; debounce:key2|alt ; limit due to minimum period restriction (tmin) ;
+-------------+-----------------+-------------------+------------------------------------------------+
This panel reports FMAX for every clock in the design, regardless of the user-specified clock periods.  FMAX is only computed for paths where the source and destination registers or ports are driven by the same clock.  Paths of different clocks, including generated clocks, are ignored.  For paths between a clock and its inversion, FMAX is computed as if the rising and falling edges are scaled along with FMAX, such that the duty cycle (in terms of a percentage) is maintained. Altera recommends that you always use clock constraints and other slack reports for sign-off analysis.


----------------------------------
; Timing Closure Recommendations ;
----------------------------------
HTML report is unavailable in plain text report export.


+--------------------------------------------+
; Slow 1200mV 85C Model Setup Summary        ;
+-------------------+--------+---------------+
; Clock             ; Slack  ; End Point TNS ;
+-------------------+--------+---------------+
; clock             ; -6.998 ; -811.160      ;
; debounce:key1|alt ; -0.196 ; -0.196        ;
; debounce:key0|alt ; -0.002 ; -0.002        ;
; debounce:key3|alt ; 0.011  ; 0.000         ;
; debounce:key2|alt ; 0.014  ; 0.000         ;
+-------------------+--------+---------------+


+-------------------------------------------+
; Slow 1200mV 85C Model Hold Summary        ;
+-------------------+-------+---------------+
; Clock             ; Slack ; End Point TNS ;
+-------------------+-------+---------------+
; clock             ; 0.425 ; 0.000         ;
; debounce:key2|alt ; 0.520 ; 0.000         ;
; debounce:key3|alt ; 0.528 ; 0.000         ;
; debounce:key0|alt ; 0.534 ; 0.000         ;
; debounce:key1|alt ; 0.715 ; 0.000         ;
+-------------------+-------+---------------+


------------------------------------------
; Slow 1200mV 85C Model Recovery Summary ;
------------------------------------------
No paths to report.


-----------------------------------------
; Slow 1200mV 85C Model Removal Summary ;
-----------------------------------------
No paths to report.


+---------------------------------------------------+
; Slow 1200mV 85C Model Minimum Pulse Width Summary ;
+-------------------+--------+----------------------+
; Clock             ; Slack  ; End Point TNS        ;
+-------------------+--------+----------------------+
; clock             ; -3.201 ; -357.587             ;
; debounce:key0|alt ; -1.487 ; -2.974               ;
; debounce:key1|alt ; -1.487 ; -2.974               ;
; debounce:key2|alt ; -1.487 ; -2.974               ;
; debounce:key3|alt ; -1.487 ; -2.974               ;
+-------------------+--------+----------------------+


+-----------------------------------------------------------------------------------------------------------------------------------------------------------------------------------------------------------------------------------+
; Slow 1200mV 85C Model Setup: 'clock'                                                                                                                                                                                              ;
+--------+-----------------------------------------------------------------------------------------------------------------------+----------------------------+--------------+-------------+--------------+------------+------------+
; Slack  ; From Node                                                                                                             ; To Node                    ; Launch Clock ; Latch Clock ; Relationship ; Clock Skew ; Data Delay ;
+--------+-----------------------------------------------------------------------------------------------------------------------+----------------------------+--------------+-------------+--------------+------------+------------+
; -6.998 ; FSM:game_fsm|lpm_ram_dq:ram|altram:sram|altsyncram:ram_block|altsyncram_6n71:auto_generated|ram_block1a0~porta_we_reg ; FSM:game_fsm|START_GAME    ; clock        ; clock       ; 1.000        ; -0.006     ; 7.993      ;
; -6.839 ; FSM:game_fsm|delay[13]                                                                                                ; FSM:game_fsm|delay[16]     ; clock        ; clock       ; 1.000        ; -0.583     ; 7.257      ;
; -6.839 ; FSM:game_fsm|delay[13]                                                                                                ; FSM:game_fsm|delay[17]     ; clock        ; clock       ; 1.000        ; -0.583     ; 7.257      ;
; -6.839 ; FSM:game_fsm|delay[13]                                                                                                ; FSM:game_fsm|delay[22]     ; clock        ; clock       ; 1.000        ; -0.583     ; 7.257      ;
; -6.839 ; FSM:game_fsm|delay[13]                                                                                                ; FSM:game_fsm|delay[23]     ; clock        ; clock       ; 1.000        ; -0.583     ; 7.257      ;
; -6.839 ; FSM:game_fsm|delay[13]                                                                                                ; FSM:game_fsm|delay[21]     ; clock        ; clock       ; 1.000        ; -0.583     ; 7.257      ;
; -6.839 ; FSM:game_fsm|delay[13]                                                                                                ; FSM:game_fsm|delay[19]     ; clock        ; clock       ; 1.000        ; -0.583     ; 7.257      ;
; -6.839 ; FSM:game_fsm|delay[13]                                                                                                ; FSM:game_fsm|delay[18]     ; clock        ; clock       ; 1.000        ; -0.583     ; 7.257      ;
; -6.798 ; FSM:game_fsm|lpm_ram_dq:ram|altram:sram|altsyncram:ram_block|altsyncram_6n71:auto_generated|ram_block1a0~porta_we_reg ; FSM:game_fsm|PLAYER_LOSE   ; clock        ; clock       ; 1.000        ; -0.455     ; 7.344      ;
; -6.757 ; FSM:game_fsm|delay[20]                                                                                                ; FSM:game_fsm|delay[16]     ; clock        ; clock       ; 1.000        ; -0.574     ; 7.184      ;
; -6.757 ; FSM:game_fsm|delay[20]                                                                                                ; FSM:game_fsm|delay[17]     ; clock        ; clock       ; 1.000        ; -0.574     ; 7.184      ;
; -6.757 ; FSM:game_fsm|delay[20]                                                                                                ; FSM:game_fsm|delay[22]     ; clock        ; clock       ; 1.000        ; -0.574     ; 7.184      ;
; -6.757 ; FSM:game_fsm|delay[20]                                                                                                ; FSM:game_fsm|delay[23]     ; clock        ; clock       ; 1.000        ; -0.574     ; 7.184      ;
; -6.757 ; FSM:game_fsm|delay[20]                                                                                                ; FSM:game_fsm|delay[21]     ; clock        ; clock       ; 1.000        ; -0.574     ; 7.184      ;
; -6.757 ; FSM:game_fsm|delay[20]                                                                                                ; FSM:game_fsm|delay[19]     ; clock        ; clock       ; 1.000        ; -0.574     ; 7.184      ;
; -6.757 ; FSM:game_fsm|delay[20]                                                                                                ; FSM:game_fsm|delay[18]     ; clock        ; clock       ; 1.000        ; -0.574     ; 7.184      ;
; -6.639 ; FSM:game_fsm|lpm_ram_dq:ram|altram:sram|altsyncram:ram_block|altsyncram_6n71:auto_generated|ram_block1a0~porta_we_reg ; FSM:game_fsm|score[0]      ; clock        ; clock       ; 1.000        ; 0.019      ; 7.659      ;
; -6.638 ; FSM:game_fsm|lpm_ram_dq:ram|altram:sram|altsyncram:ram_block|altsyncram_6n71:auto_generated|ram_block1a0~porta_we_reg ; FSM:game_fsm|game_round[3] ; clock        ; clock       ; 1.000        ; 0.019      ; 7.658      ;
; -6.638 ; FSM:game_fsm|lpm_ram_dq:ram|altram:sram|altsyncram:ram_block|altsyncram_6n71:auto_generated|ram_block1a0~porta_we_reg ; FSM:game_fsm|game_round[1] ; clock        ; clock       ; 1.000        ; 0.019      ; 7.658      ;
; -6.633 ; FSM:game_fsm|lpm_ram_dq:ram|altram:sram|altsyncram:ram_block|altsyncram_6n71:auto_generated|ram_block1a0~porta_we_reg ; FSM:game_fsm|score[1]      ; clock        ; clock       ; 1.000        ; 0.019      ; 7.653      ;
; -6.632 ; FSM:game_fsm|lpm_ram_dq:ram|altram:sram|altsyncram:ram_block|altsyncram_6n71:auto_generated|ram_block1a0~porta_we_reg ; FSM:game_fsm|score[4]      ; clock        ; clock       ; 1.000        ; 0.019      ; 7.652      ;
; -6.626 ; FSM:game_fsm|lpm_ram_dq:ram|altram:sram|altsyncram:ram_block|altsyncram_6n71:auto_generated|ram_block1a0~porta_we_reg ; FSM:game_fsm|score[3]      ; clock        ; clock       ; 1.000        ; 0.019      ; 7.646      ;
; -6.625 ; FSM:game_fsm|lpm_ram_dq:ram|altram:sram|altsyncram:ram_block|altsyncram_6n71:auto_generated|ram_block1a0~porta_we_reg ; FSM:game_fsm|score[2]      ; clock        ; clock       ; 1.000        ; 0.019      ; 7.645      ;
; -6.507 ; FSM:game_fsm|delay[13]                                                                                                ; FSM:game_fsm|delay[9]      ; clock        ; clock       ; 1.000        ; -0.575     ; 6.933      ;
; -6.507 ; FSM:game_fsm|delay[13]                                                                                                ; FSM:game_fsm|delay[10]     ; clock        ; clock       ; 1.000        ; -0.575     ; 6.933      ;
; -6.507 ; FSM:game_fsm|delay[13]                                                                                                ; FSM:game_fsm|delay[12]     ; clock        ; clock       ; 1.000        ; -0.575     ; 6.933      ;
; -6.507 ; FSM:game_fsm|delay[13]                                                                                                ; FSM:game_fsm|delay[14]     ; clock        ; clock       ; 1.000        ; -0.575     ; 6.933      ;
; -6.507 ; FSM:game_fsm|delay[13]                                                                                                ; FSM:game_fsm|delay[15]     ; clock        ; clock       ; 1.000        ; -0.575     ; 6.933      ;
; -6.429 ; FSM:game_fsm|delay[14]                                                                                                ; FSM:game_fsm|delay[16]     ; clock        ; clock       ; 1.000        ; -0.089     ; 7.341      ;
; -6.429 ; FSM:game_fsm|delay[14]                                                                                                ; FSM:game_fsm|delay[17]     ; clock        ; clock       ; 1.000        ; -0.089     ; 7.341      ;
; -6.429 ; FSM:game_fsm|delay[14]                                                                                                ; FSM:game_fsm|delay[22]     ; clock        ; clock       ; 1.000        ; -0.089     ; 7.341      ;
; -6.429 ; FSM:game_fsm|delay[14]                                                                                                ; FSM:game_fsm|delay[23]     ; clock        ; clock       ; 1.000        ; -0.089     ; 7.341      ;
; -6.429 ; FSM:game_fsm|delay[14]                                                                                                ; FSM:game_fsm|delay[21]     ; clock        ; clock       ; 1.000        ; -0.089     ; 7.341      ;
; -6.429 ; FSM:game_fsm|delay[14]                                                                                                ; FSM:game_fsm|delay[19]     ; clock        ; clock       ; 1.000        ; -0.089     ; 7.341      ;
; -6.429 ; FSM:game_fsm|delay[14]                                                                                                ; FSM:game_fsm|delay[18]     ; clock        ; clock       ; 1.000        ; -0.089     ; 7.341      ;
; -6.425 ; FSM:game_fsm|delay[20]                                                                                                ; FSM:game_fsm|delay[9]      ; clock        ; clock       ; 1.000        ; -0.566     ; 6.860      ;
; -6.425 ; FSM:game_fsm|delay[20]                                                                                                ; FSM:game_fsm|delay[10]     ; clock        ; clock       ; 1.000        ; -0.566     ; 6.860      ;
; -6.425 ; FSM:game_fsm|delay[20]                                                                                                ; FSM:game_fsm|delay[12]     ; clock        ; clock       ; 1.000        ; -0.566     ; 6.860      ;
; -6.425 ; FSM:game_fsm|delay[20]                                                                                                ; FSM:game_fsm|delay[14]     ; clock        ; clock       ; 1.000        ; -0.566     ; 6.860      ;
; -6.425 ; FSM:game_fsm|delay[20]                                                                                                ; FSM:game_fsm|delay[15]     ; clock        ; clock       ; 1.000        ; -0.566     ; 6.860      ;
; -6.393 ; FSM:game_fsm|lpm_ram_dq:ram|altram:sram|altsyncram:ram_block|altsyncram_6n71:auto_generated|ram_block1a0~porta_we_reg ; FSM:game_fsm|game_round[2] ; clock        ; clock       ; 1.000        ; 0.019      ; 7.413      ;
; -6.390 ; FSM:game_fsm|lpm_ram_dq:ram|altram:sram|altsyncram:ram_block|altsyncram_6n71:auto_generated|ram_block1a0~porta_we_reg ; FSM:game_fsm|PLAYER_WIN    ; clock        ; clock       ; 1.000        ; 0.019      ; 7.410      ;
; -6.390 ; FSM:game_fsm|lpm_ram_dq:ram|altram:sram|altsyncram:ram_block|altsyncram_6n71:auto_generated|ram_block1a0~porta_we_reg ; FSM:game_fsm|game_round[4] ; clock        ; clock       ; 1.000        ; -0.455     ; 6.936      ;
; -6.390 ; FSM:game_fsm|lpm_ram_dq:ram|altram:sram|altsyncram:ram_block|altsyncram_6n71:auto_generated|ram_block1a0~porta_we_reg ; FSM:game_fsm|game_round[0] ; clock        ; clock       ; 1.000        ; -0.455     ; 6.936      ;
; -6.385 ; FSM:game_fsm|delay[21]                                                                                                ; FSM:game_fsm|delay[16]     ; clock        ; clock       ; 1.000        ; -0.080     ; 7.306      ;
; -6.385 ; FSM:game_fsm|delay[23]                                                                                                ; FSM:game_fsm|delay[16]     ; clock        ; clock       ; 1.000        ; -0.080     ; 7.306      ;
; -6.385 ; FSM:game_fsm|delay[21]                                                                                                ; FSM:game_fsm|delay[17]     ; clock        ; clock       ; 1.000        ; -0.080     ; 7.306      ;
; -6.385 ; FSM:game_fsm|delay[23]                                                                                                ; FSM:game_fsm|delay[17]     ; clock        ; clock       ; 1.000        ; -0.080     ; 7.306      ;
; -6.385 ; FSM:game_fsm|delay[21]                                                                                                ; FSM:game_fsm|delay[22]     ; clock        ; clock       ; 1.000        ; -0.080     ; 7.306      ;
; -6.385 ; FSM:game_fsm|delay[23]                                                                                                ; FSM:game_fsm|delay[22]     ; clock        ; clock       ; 1.000        ; -0.080     ; 7.306      ;
; -6.385 ; FSM:game_fsm|delay[21]                                                                                                ; FSM:game_fsm|delay[23]     ; clock        ; clock       ; 1.000        ; -0.080     ; 7.306      ;
; -6.385 ; FSM:game_fsm|delay[23]                                                                                                ; FSM:game_fsm|delay[23]     ; clock        ; clock       ; 1.000        ; -0.080     ; 7.306      ;
; -6.385 ; FSM:game_fsm|delay[21]                                                                                                ; FSM:game_fsm|delay[21]     ; clock        ; clock       ; 1.000        ; -0.080     ; 7.306      ;
; -6.385 ; FSM:game_fsm|delay[23]                                                                                                ; FSM:game_fsm|delay[21]     ; clock        ; clock       ; 1.000        ; -0.080     ; 7.306      ;
; -6.385 ; FSM:game_fsm|delay[21]                                                                                                ; FSM:game_fsm|delay[19]     ; clock        ; clock       ; 1.000        ; -0.080     ; 7.306      ;
; -6.385 ; FSM:game_fsm|delay[23]                                                                                                ; FSM:game_fsm|delay[19]     ; clock        ; clock       ; 1.000        ; -0.080     ; 7.306      ;
; -6.385 ; FSM:game_fsm|delay[21]                                                                                                ; FSM:game_fsm|delay[18]     ; clock        ; clock       ; 1.000        ; -0.080     ; 7.306      ;
; -6.385 ; FSM:game_fsm|delay[23]                                                                                                ; FSM:game_fsm|delay[18]     ; clock        ; clock       ; 1.000        ; -0.080     ; 7.306      ;
; -6.378 ; FSM:game_fsm|lpm_ram_dq:ram|altram:sram|altsyncram:ram_block|altsyncram_6n71:auto_generated|ram_block1a0~porta_we_reg ; FSM:game_fsm|read_ptr[2]   ; clock        ; clock       ; 1.000        ; 0.019      ; 7.398      ;
; -6.377 ; FSM:game_fsm|lpm_ram_dq:ram|altram:sram|altsyncram:ram_block|altsyncram_6n71:auto_generated|ram_block1a0~porta_we_reg ; FSM:game_fsm|READ_COLOR    ; clock        ; clock       ; 1.000        ; 0.019      ; 7.397      ;
; -6.377 ; FSM:game_fsm|lpm_ram_dq:ram|altram:sram|altsyncram:ram_block|altsyncram_6n71:auto_generated|ram_block1a0~porta_we_reg ; FSM:game_fsm|read_ptr[0]   ; clock        ; clock       ; 1.000        ; 0.019      ; 7.397      ;
; -6.375 ; FSM:game_fsm|lpm_ram_dq:ram|altram:sram|altsyncram:ram_block|altsyncram_6n71:auto_generated|ram_block1a0~porta_we_reg ; FSM:game_fsm|read_ptr[3]   ; clock        ; clock       ; 1.000        ; 0.019      ; 7.395      ;
; -6.374 ; FSM:game_fsm|lpm_ram_dq:ram|altram:sram|altsyncram:ram_block|altsyncram_6n71:auto_generated|ram_block1a0~porta_we_reg ; FSM:game_fsm|read_ptr[4]   ; clock        ; clock       ; 1.000        ; 0.019      ; 7.394      ;
; -6.373 ; FSM:game_fsm|lpm_ram_dq:ram|altram:sram|altsyncram:ram_block|altsyncram_6n71:auto_generated|ram_block1a0~porta_we_reg ; FSM:game_fsm|read_ptr[1]   ; clock        ; clock       ; 1.000        ; 0.019      ; 7.393      ;
; -6.366 ; FSM:game_fsm|delay[13]                                                                                                ; FSM:game_fsm|delay[29]     ; clock        ; clock       ; 1.000        ; -0.110     ; 7.257      ;
; -6.366 ; FSM:game_fsm|delay[13]                                                                                                ; FSM:game_fsm|delay[26]     ; clock        ; clock       ; 1.000        ; -0.110     ; 7.257      ;
; -6.366 ; FSM:game_fsm|delay[13]                                                                                                ; FSM:game_fsm|delay[20]     ; clock        ; clock       ; 1.000        ; -0.110     ; 7.257      ;
; -6.366 ; FSM:game_fsm|delay[13]                                                                                                ; FSM:game_fsm|delay[31]     ; clock        ; clock       ; 1.000        ; -0.110     ; 7.257      ;
; -6.366 ; FSM:game_fsm|delay[13]                                                                                                ; FSM:game_fsm|delay[27]     ; clock        ; clock       ; 1.000        ; -0.110     ; 7.257      ;
; -6.366 ; FSM:game_fsm|delay[13]                                                                                                ; FSM:game_fsm|delay[28]     ; clock        ; clock       ; 1.000        ; -0.110     ; 7.257      ;
; -6.366 ; FSM:game_fsm|delay[13]                                                                                                ; FSM:game_fsm|delay[30]     ; clock        ; clock       ; 1.000        ; -0.110     ; 7.257      ;
; -6.366 ; FSM:game_fsm|delay[13]                                                                                                ; FSM:game_fsm|delay[24]     ; clock        ; clock       ; 1.000        ; -0.110     ; 7.257      ;
; -6.366 ; FSM:game_fsm|delay[13]                                                                                                ; FSM:game_fsm|delay[25]     ; clock        ; clock       ; 1.000        ; -0.110     ; 7.257      ;
; -6.353 ; FSM:game_fsm|delay[15]                                                                                                ; FSM:game_fsm|delay[16]     ; clock        ; clock       ; 1.000        ; -0.089     ; 7.265      ;
; -6.353 ; FSM:game_fsm|delay[15]                                                                                                ; FSM:game_fsm|delay[17]     ; clock        ; clock       ; 1.000        ; -0.089     ; 7.265      ;
; -6.353 ; FSM:game_fsm|delay[15]                                                                                                ; FSM:game_fsm|delay[22]     ; clock        ; clock       ; 1.000        ; -0.089     ; 7.265      ;
; -6.353 ; FSM:game_fsm|delay[15]                                                                                                ; FSM:game_fsm|delay[23]     ; clock        ; clock       ; 1.000        ; -0.089     ; 7.265      ;
; -6.353 ; FSM:game_fsm|delay[15]                                                                                                ; FSM:game_fsm|delay[21]     ; clock        ; clock       ; 1.000        ; -0.089     ; 7.265      ;
; -6.353 ; FSM:game_fsm|delay[15]                                                                                                ; FSM:game_fsm|delay[19]     ; clock        ; clock       ; 1.000        ; -0.089     ; 7.265      ;
; -6.353 ; FSM:game_fsm|delay[15]                                                                                                ; FSM:game_fsm|delay[18]     ; clock        ; clock       ; 1.000        ; -0.089     ; 7.265      ;
; -6.345 ; FSM:game_fsm|delay[16]                                                                                                ; FSM:game_fsm|delay[16]     ; clock        ; clock       ; 1.000        ; -0.080     ; 7.266      ;
; -6.345 ; FSM:game_fsm|delay[16]                                                                                                ; FSM:game_fsm|delay[17]     ; clock        ; clock       ; 1.000        ; -0.080     ; 7.266      ;
; -6.345 ; FSM:game_fsm|delay[16]                                                                                                ; FSM:game_fsm|delay[22]     ; clock        ; clock       ; 1.000        ; -0.080     ; 7.266      ;
; -6.345 ; FSM:game_fsm|delay[16]                                                                                                ; FSM:game_fsm|delay[23]     ; clock        ; clock       ; 1.000        ; -0.080     ; 7.266      ;
; -6.345 ; FSM:game_fsm|delay[16]                                                                                                ; FSM:game_fsm|delay[21]     ; clock        ; clock       ; 1.000        ; -0.080     ; 7.266      ;
; -6.345 ; FSM:game_fsm|delay[16]                                                                                                ; FSM:game_fsm|delay[19]     ; clock        ; clock       ; 1.000        ; -0.080     ; 7.266      ;
; -6.345 ; FSM:game_fsm|delay[16]                                                                                                ; FSM:game_fsm|delay[18]     ; clock        ; clock       ; 1.000        ; -0.080     ; 7.266      ;
; -6.286 ; FSM:game_fsm|delay[8]                                                                                                 ; FSM:game_fsm|delay[16]     ; clock        ; clock       ; 1.000        ; -0.583     ; 6.704      ;
; -6.286 ; FSM:game_fsm|delay[8]                                                                                                 ; FSM:game_fsm|delay[17]     ; clock        ; clock       ; 1.000        ; -0.583     ; 6.704      ;
; -6.286 ; FSM:game_fsm|delay[8]                                                                                                 ; FSM:game_fsm|delay[22]     ; clock        ; clock       ; 1.000        ; -0.583     ; 6.704      ;
; -6.286 ; FSM:game_fsm|delay[8]                                                                                                 ; FSM:game_fsm|delay[23]     ; clock        ; clock       ; 1.000        ; -0.583     ; 6.704      ;
; -6.286 ; FSM:game_fsm|delay[8]                                                                                                 ; FSM:game_fsm|delay[21]     ; clock        ; clock       ; 1.000        ; -0.583     ; 6.704      ;
; -6.286 ; FSM:game_fsm|delay[8]                                                                                                 ; FSM:game_fsm|delay[19]     ; clock        ; clock       ; 1.000        ; -0.583     ; 6.704      ;
; -6.286 ; FSM:game_fsm|delay[8]                                                                                                 ; FSM:game_fsm|delay[18]     ; clock        ; clock       ; 1.000        ; -0.583     ; 6.704      ;
; -6.284 ; FSM:game_fsm|delay[20]                                                                                                ; FSM:game_fsm|delay[29]     ; clock        ; clock       ; 1.000        ; -0.101     ; 7.184      ;
; -6.284 ; FSM:game_fsm|delay[20]                                                                                                ; FSM:game_fsm|delay[26]     ; clock        ; clock       ; 1.000        ; -0.101     ; 7.184      ;
; -6.284 ; FSM:game_fsm|delay[20]                                                                                                ; FSM:game_fsm|delay[20]     ; clock        ; clock       ; 1.000        ; -0.101     ; 7.184      ;
; -6.284 ; FSM:game_fsm|delay[20]                                                                                                ; FSM:game_fsm|delay[31]     ; clock        ; clock       ; 1.000        ; -0.101     ; 7.184      ;
; -6.284 ; FSM:game_fsm|delay[20]                                                                                                ; FSM:game_fsm|delay[27]     ; clock        ; clock       ; 1.000        ; -0.101     ; 7.184      ;
; -6.284 ; FSM:game_fsm|delay[20]                                                                                                ; FSM:game_fsm|delay[28]     ; clock        ; clock       ; 1.000        ; -0.101     ; 7.184      ;
+--------+-----------------------------------------------------------------------------------------------------------------------+----------------------------+--------------+-------------+--------------+------------+------------+


+-----------------------------------------------------------------------------------------------------------------------------------+
; Slow 1200mV 85C Model Setup: 'debounce:key1|alt'                                                                                  ;
+--------+--------------------+--------------------+-------------------+-------------------+--------------+------------+------------+
; Slack  ; From Node          ; To Node            ; Launch Clock      ; Latch Clock       ; Relationship ; Clock Skew ; Data Delay ;
+--------+--------------------+--------------------+-------------------+-------------------+--------------+------------+------------+
; -0.196 ; debounce:key1|dff1 ; debounce:key1|dff2 ; debounce:key1|alt ; debounce:key1|alt ; 1.000        ; -0.080     ; 1.117      ;
+--------+--------------------+--------------------+-------------------+-------------------+--------------+------------+------------+


+-----------------------------------------------------------------------------------------------------------------------------------+
; Slow 1200mV 85C Model Setup: 'debounce:key0|alt'                                                                                  ;
+--------+--------------------+--------------------+-------------------+-------------------+--------------+------------+------------+
; Slack  ; From Node          ; To Node            ; Launch Clock      ; Latch Clock       ; Relationship ; Clock Skew ; Data Delay ;
+--------+--------------------+--------------------+-------------------+-------------------+--------------+------------+------------+
; -0.002 ; debounce:key0|dff1 ; debounce:key0|dff2 ; debounce:key0|alt ; debounce:key0|alt ; 1.000        ; -0.081     ; 0.922      ;
+--------+--------------------+--------------------+-------------------+-------------------+--------------+------------+------------+


+----------------------------------------------------------------------------------------------------------------------------------+
; Slow 1200mV 85C Model Setup: 'debounce:key3|alt'                                                                                 ;
+-------+--------------------+--------------------+-------------------+-------------------+--------------+------------+------------+
; Slack ; From Node          ; To Node            ; Launch Clock      ; Latch Clock       ; Relationship ; Clock Skew ; Data Delay ;
+-------+--------------------+--------------------+-------------------+-------------------+--------------+------------+------------+
; 0.011 ; debounce:key3|dff1 ; debounce:key3|dff2 ; debounce:key3|alt ; debounce:key3|alt ; 1.000        ; -0.081     ; 0.909      ;
+-------+--------------------+--------------------+-------------------+-------------------+--------------+------------+------------+


+----------------------------------------------------------------------------------------------------------------------------------+
; Slow 1200mV 85C Model Setup: 'debounce:key2|alt'                                                                                 ;
+-------+--------------------+--------------------+-------------------+-------------------+--------------+------------+------------+
; Slack ; From Node          ; To Node            ; Launch Clock      ; Latch Clock       ; Relationship ; Clock Skew ; Data Delay ;
+-------+--------------------+--------------------+-------------------+-------------------+--------------+------------+------------+
; 0.014 ; debounce:key2|dff1 ; debounce:key2|dff2 ; debounce:key2|alt ; debounce:key2|alt ; 1.000        ; -0.080     ; 0.907      ;
+-------+--------------------+--------------------+-------------------+-------------------+--------------+------------+------------+


+----------------------------------------------------------------------------------------------------------------------------------------------+
; Slow 1200mV 85C Model Hold: 'clock'                                                                                                          ;
+-------+-----------------------------+-----------------------------+-------------------+-------------+--------------+------------+------------+
; Slack ; From Node                   ; To Node                     ; Launch Clock      ; Latch Clock ; Relationship ; Clock Skew ; Data Delay ;
+-------+-----------------------------+-----------------------------+-------------------+-------------+--------------+------------+------------+
; 0.425 ; debounce:key2|alt           ; debounce:key2|alt           ; debounce:key2|alt ; clock       ; 0.000        ; 2.641      ; 3.569      ;
; 0.432 ; FSM:game_fsm|score[0]       ; FSM:game_fsm|score[0]       ; clock             ; clock       ; 0.000        ; 0.102      ; 0.746      ;
; 0.432 ; FSM:game_fsm|PLAYER_WIN     ; FSM:game_fsm|PLAYER_WIN     ; clock             ; clock       ; 0.000        ; 0.102      ; 0.746      ;
; 0.432 ; FSM:game_fsm|read_ptr[4]    ; FSM:game_fsm|read_ptr[4]    ; clock             ; clock       ; 0.000        ; 0.102      ; 0.746      ;
; 0.432 ; FSM:game_fsm|read_ptr[0]    ; FSM:game_fsm|read_ptr[0]    ; clock             ; clock       ; 0.000        ; 0.102      ; 0.746      ;
; 0.432 ; FSM:game_fsm|read_ptr[1]    ; FSM:game_fsm|read_ptr[1]    ; clock             ; clock       ; 0.000        ; 0.102      ; 0.746      ;
; 0.432 ; FSM:game_fsm|read_ptr[2]    ; FSM:game_fsm|read_ptr[2]    ; clock             ; clock       ; 0.000        ; 0.102      ; 0.746      ;
; 0.432 ; FSM:game_fsm|read_ptr[3]    ; FSM:game_fsm|read_ptr[3]    ; clock             ; clock       ; 0.000        ; 0.102      ; 0.746      ;
; 0.432 ; FSM:game_fsm|game_round[3]  ; FSM:game_fsm|game_round[3]  ; clock             ; clock       ; 0.000        ; 0.102      ; 0.746      ;
; 0.432 ; FSM:game_fsm|game_round[1]  ; FSM:game_fsm|game_round[1]  ; clock             ; clock       ; 0.000        ; 0.102      ; 0.746      ;
; 0.432 ; FSM:game_fsm|game_round[2]  ; FSM:game_fsm|game_round[2]  ; clock             ; clock       ; 0.000        ; 0.102      ; 0.746      ;
; 0.433 ; FSM:game_fsm|score[4]       ; FSM:game_fsm|score[4]       ; clock             ; clock       ; 0.000        ; 0.101      ; 0.746      ;
; 0.433 ; FSM:game_fsm|score[3]       ; FSM:game_fsm|score[3]       ; clock             ; clock       ; 0.000        ; 0.101      ; 0.746      ;
; 0.433 ; FSM:game_fsm|score[2]       ; FSM:game_fsm|score[2]       ; clock             ; clock       ; 0.000        ; 0.101      ; 0.746      ;
; 0.433 ; FSM:game_fsm|score[1]       ; FSM:game_fsm|score[1]       ; clock             ; clock       ; 0.000        ; 0.101      ; 0.746      ;
; 0.443 ; debounce:key1|alt           ; debounce:key1|alt           ; debounce:key1|alt ; clock       ; 0.000        ; 2.641      ; 3.587      ;
; 0.445 ; sevenseg:display|refresh[0] ; sevenseg:display|refresh[0] ; clock             ; clock       ; 0.000        ; 0.101      ; 0.758      ;
; 0.445 ; FSM:game_fsm|delay[0]       ; FSM:game_fsm|delay[0]       ; clock             ; clock       ; 0.000        ; 0.101      ; 0.758      ;
; 0.446 ; beep:b|cnt6[0]              ; beep:b|cnt6[0]              ; clock             ; clock       ; 0.000        ; 0.100      ; 0.758      ;
; 0.452 ; FSM:game_fsm|record[1]      ; FSM:game_fsm|record[1]      ; clock             ; clock       ; 0.000        ; 0.082      ; 0.746      ;
; 0.452 ; FSM:game_fsm|record[3]      ; FSM:game_fsm|record[3]      ; clock             ; clock       ; 0.000        ; 0.082      ; 0.746      ;
; 0.452 ; beep:b|alt1                 ; beep:b|alt1                 ; clock             ; clock       ; 0.000        ; 0.082      ; 0.746      ;
; 0.452 ; beep:b|alt3                 ; beep:b|alt3                 ; clock             ; clock       ; 0.000        ; 0.082      ; 0.746      ;
; 0.452 ; FSM:game_fsm|PLAYER_LOSE    ; FSM:game_fsm|PLAYER_LOSE    ; clock             ; clock       ; 0.000        ; 0.082      ; 0.746      ;
; 0.452 ; FSM:game_fsm|game_round[4]  ; FSM:game_fsm|game_round[4]  ; clock             ; clock       ; 0.000        ; 0.082      ; 0.746      ;
; 0.452 ; FSM:game_fsm|game_round[0]  ; FSM:game_fsm|game_round[0]  ; clock             ; clock       ; 0.000        ; 0.082      ; 0.746      ;
; 0.453 ; FSM:game_fsm|record[2]      ; FSM:game_fsm|record[2]      ; clock             ; clock       ; 0.000        ; 0.081      ; 0.746      ;
; 0.453 ; FSM:game_fsm|record[0]      ; FSM:game_fsm|record[0]      ; clock             ; clock       ; 0.000        ; 0.081      ; 0.746      ;
; 0.453 ; FSM:game_fsm|record[4]      ; FSM:game_fsm|record[4]      ; clock             ; clock       ; 0.000        ; 0.081      ; 0.746      ;
; 0.453 ; beep:b|alt4                 ; beep:b|alt4                 ; clock             ; clock       ; 0.000        ; 0.081      ; 0.746      ;
; 0.453 ; beep:b|alt5                 ; beep:b|alt5                 ; clock             ; clock       ; 0.000        ; 0.081      ; 0.746      ;
; 0.453 ; beep:b|alt6                 ; beep:b|alt6                 ; clock             ; clock       ; 0.000        ; 0.081      ; 0.746      ;
; 0.453 ; FSM:game_fsm|SHOW_SEQUENCE  ; FSM:game_fsm|SHOW_SEQUENCE  ; clock             ; clock       ; 0.000        ; 0.081      ; 0.746      ;
; 0.453 ; FSM:game_fsm|show_ptr[0]    ; FSM:game_fsm|show_ptr[0]    ; clock             ; clock       ; 0.000        ; 0.081      ; 0.746      ;
; 0.453 ; FSM:game_fsm|show_ptr[1]    ; FSM:game_fsm|show_ptr[1]    ; clock             ; clock       ; 0.000        ; 0.081      ; 0.746      ;
; 0.453 ; FSM:game_fsm|show_ptr[2]    ; FSM:game_fsm|show_ptr[2]    ; clock             ; clock       ; 0.000        ; 0.081      ; 0.746      ;
; 0.453 ; FSM:game_fsm|show_ptr[4]    ; FSM:game_fsm|show_ptr[4]    ; clock             ; clock       ; 0.000        ; 0.081      ; 0.746      ;
; 0.453 ; FSM:game_fsm|show_ptr[3]    ; FSM:game_fsm|show_ptr[3]    ; clock             ; clock       ; 0.000        ; 0.081      ; 0.746      ;
; 0.453 ; PRNG:rng|xn[4]              ; PRNG:rng|xn[4]              ; clock             ; clock       ; 0.000        ; 0.081      ; 0.746      ;
; 0.453 ; PRNG:rng|xn[5]              ; PRNG:rng|xn[5]              ; clock             ; clock       ; 0.000        ; 0.081      ; 0.746      ;
; 0.453 ; PRNG:rng|xn[6]              ; PRNG:rng|xn[6]              ; clock             ; clock       ; 0.000        ; 0.081      ; 0.746      ;
; 0.453 ; PRNG:rng|xn[7]              ; PRNG:rng|xn[7]              ; clock             ; clock       ; 0.000        ; 0.081      ; 0.746      ;
; 0.453 ; PRNG:rng|seed4[3]           ; PRNG:rng|seed4[3]           ; clock             ; clock       ; 0.000        ; 0.081      ; 0.746      ;
; 0.453 ; PRNG:rng|seed4[2]           ; PRNG:rng|seed4[2]           ; clock             ; clock       ; 0.000        ; 0.081      ; 0.746      ;
; 0.453 ; PRNG:rng|seed4[1]           ; PRNG:rng|seed4[1]           ; clock             ; clock       ; 0.000        ; 0.081      ; 0.746      ;
; 0.454 ; beep:b|alt2                 ; beep:b|alt2                 ; clock             ; clock       ; 0.000        ; 0.080      ; 0.746      ;
; 0.454 ; PRNG:rng|xn[1]              ; PRNG:rng|xn[1]              ; clock             ; clock       ; 0.000        ; 0.080      ; 0.746      ;
; 0.454 ; PRNG:rng|xn[2]              ; PRNG:rng|xn[2]              ; clock             ; clock       ; 0.000        ; 0.080      ; 0.746      ;
; 0.454 ; PRNG:rng|xn[3]              ; PRNG:rng|xn[3]              ; clock             ; clock       ; 0.000        ; 0.080      ; 0.746      ;
; 0.454 ; PRNG:rng|xn[0]              ; PRNG:rng|xn[0]              ; clock             ; clock       ; 0.000        ; 0.080      ; 0.746      ;
; 0.463 ; debounce:key0|cnt[0]        ; debounce:key0|cnt[0]        ; clock             ; clock       ; 0.000        ; 0.083      ; 0.758      ;
; 0.464 ; beep:b|cnt1[0]              ; beep:b|cnt1[0]              ; clock             ; clock       ; 0.000        ; 0.082      ; 0.758      ;
; 0.464 ; beep:b|cnt3[0]              ; beep:b|cnt3[0]              ; clock             ; clock       ; 0.000        ; 0.082      ; 0.758      ;
; 0.465 ; beep:b|cnt4[0]              ; beep:b|cnt4[0]              ; clock             ; clock       ; 0.000        ; 0.081      ; 0.758      ;
; 0.465 ; beep:b|cnt5[0]              ; beep:b|cnt5[0]              ; clock             ; clock       ; 0.000        ; 0.081      ; 0.758      ;
; 0.465 ; PRNG:rng|seed4[0]           ; PRNG:rng|seed4[0]           ; clock             ; clock       ; 0.000        ; 0.081      ; 0.758      ;
; 0.466 ; beep:b|cnt2[0]              ; beep:b|cnt2[0]              ; clock             ; clock       ; 0.000        ; 0.080      ; 0.758      ;
; 0.491 ; beep:b|cnt4[15]             ; beep:b|cnt4[15]             ; clock             ; clock       ; 0.000        ; 0.081      ; 0.784      ;
; 0.508 ; debounce:key0|cnt[19]       ; debounce:key0|cnt[19]       ; clock             ; clock       ; 0.000        ; 0.082      ; 0.802      ;
; 0.509 ; beep:b|cnt5[15]             ; beep:b|cnt5[15]             ; clock             ; clock       ; 0.000        ; 0.080      ; 0.801      ;
; 0.510 ; beep:b|cnt6[17]             ; beep:b|cnt6[17]             ; clock             ; clock       ; 0.000        ; 0.081      ; 0.803      ;
; 0.512 ; PRNG:rng|yn[4]              ; PRNG:rng|yn[3]              ; clock             ; clock       ; 0.000        ; 0.080      ; 0.804      ;
; 0.517 ; PRNG:rng|yn[1]              ; PRNG:rng|yn[0]              ; clock             ; clock       ; 0.000        ; 0.080      ; 0.809      ;
; 0.521 ; debounce:key3|alt           ; debounce:key3|alt           ; debounce:key3|alt ; clock       ; 0.000        ; 2.641      ; 3.665      ;
; 0.525 ; PRNG:rng|seed4[0]           ; PRNG:rng|seed4[1]           ; clock             ; clock       ; 0.000        ; 0.081      ; 0.818      ;
; 0.526 ; PRNG:rng|seed4[0]           ; PRNG:rng|seed4[3]           ; clock             ; clock       ; 0.000        ; 0.081      ; 0.819      ;
; 0.527 ; PRNG:rng|seed4[0]           ; PRNG:rng|seed4[2]           ; clock             ; clock       ; 0.000        ; 0.081      ; 0.820      ;
; 0.622 ; FSM:game_fsm|delay[12]      ; FSM:game_fsm|delay[13]      ; clock             ; clock       ; 0.000        ; 0.575      ; 1.409      ;
; 0.623 ; FSM:game_fsm|delay[10]      ; FSM:game_fsm|delay[11]      ; clock             ; clock       ; 0.000        ; 0.575      ; 1.410      ;
; 0.631 ; FSM:game_fsm|delay[19]      ; FSM:game_fsm|delay[20]      ; clock             ; clock       ; 0.000        ; 0.574      ; 1.417      ;
; 0.634 ; FSM:game_fsm|delay[23]      ; FSM:game_fsm|delay[24]      ; clock             ; clock       ; 0.000        ; 0.574      ; 1.420      ;
; 0.638 ; debounce:key0|alt           ; debounce:key0|alt           ; debounce:key0|alt ; clock       ; 0.000        ; 2.641      ; 3.782      ;
; 0.639 ; PRNG:rng|xn[5]              ; PRNG:rng|yn[5]              ; clock             ; clock       ; 0.000        ; 0.081      ; 0.932      ;
; 0.643 ; FSM:game_fsm|delay[23]      ; FSM:game_fsm|delay[25]      ; clock             ; clock       ; 0.000        ; 0.574      ; 1.429      ;
; 0.648 ; FSM:game_fsm|delay[9]       ; FSM:game_fsm|delay[11]      ; clock             ; clock       ; 0.000        ; 0.575      ; 1.435      ;
; 0.655 ; PRNG:rng|xn[2]              ; PRNG:rng|yn[2]              ; clock             ; clock       ; 0.000        ; 0.080      ; 0.947      ;
; 0.657 ; PRNG:rng|xn[3]              ; PRNG:rng|yn[4]              ; clock             ; clock       ; 0.000        ; 0.080      ; 0.949      ;
; 0.659 ; PRNG:rng|xn[6]              ; PRNG:rng|yn[6]              ; clock             ; clock       ; 0.000        ; 0.081      ; 0.952      ;
; 0.660 ; PRNG:rng|xn[3]              ; PRNG:rng|yn[3]              ; clock             ; clock       ; 0.000        ; 0.080      ; 0.952      ;
; 0.692 ; PRNG:rng|xn[0]              ; PRNG:rng|yn[1]              ; clock             ; clock       ; 0.000        ; 0.080      ; 0.984      ;
; 0.694 ; PRNG:rng|xn[0]              ; PRNG:rng|yn[0]              ; clock             ; clock       ; 0.000        ; 0.080      ; 0.986      ;
; 0.696 ; PRNG:rng|xn[4]              ; PRNG:rng|yn[5]              ; clock             ; clock       ; 0.000        ; 0.081      ; 0.989      ;
; 0.697 ; PRNG:rng|xn[4]              ; PRNG:rng|xn[5]              ; clock             ; clock       ; 0.000        ; 0.081      ; 0.990      ;
; 0.700 ; PRNG:rng|seed4[3]           ; PRNG:rng|xn[7]              ; clock             ; clock       ; 0.000        ; 0.081      ; 0.993      ;
; 0.704 ; PRNG:rng|xn[0]              ; PRNG:rng|xn[1]              ; clock             ; clock       ; 0.000        ; 0.080      ; 0.996      ;
; 0.705 ; PRNG:rng|seed4[2]           ; PRNG:rng|xn[6]              ; clock             ; clock       ; 0.000        ; 0.081      ; 0.998      ;
; 0.713 ; PRNG:rng|seed4[1]           ; PRNG:rng|xn[5]              ; clock             ; clock       ; 0.000        ; 0.081      ; 1.006      ;
; 0.717 ; FSM:game_fsm|delay[2]       ; FSM:game_fsm|delay[2]       ; clock             ; clock       ; 0.000        ; 0.100      ; 1.029      ;
; 0.718 ; FSM:game_fsm|delay[3]       ; FSM:game_fsm|delay[3]       ; clock             ; clock       ; 0.000        ; 0.100      ; 1.030      ;
; 0.718 ; FSM:game_fsm|delay[4]       ; FSM:game_fsm|delay[4]       ; clock             ; clock       ; 0.000        ; 0.100      ; 1.030      ;
; 0.719 ; FSM:game_fsm|delay[5]       ; FSM:game_fsm|delay[5]       ; clock             ; clock       ; 0.000        ; 0.100      ; 1.031      ;
; 0.720 ; PRNG:rng|yn[7]              ; PRNG:rng|xn[7]              ; clock             ; clock       ; 0.000        ; 0.081      ; 1.013      ;
; 0.721 ; PRNG:rng|yn[7]              ; PRNG:rng|yn[6]              ; clock             ; clock       ; 0.000        ; 0.081      ; 1.014      ;
; 0.722 ; PRNG:rng|xn[2]              ; PRNG:rng|xn[3]              ; clock             ; clock       ; 0.000        ; 0.080      ; 1.014      ;
; 0.729 ; FSM:game_fsm|delay[7]       ; FSM:game_fsm|delay[7]       ; clock             ; clock       ; 0.000        ; 0.100      ; 1.041      ;
; 0.735 ; beep:b|cnt1[4]              ; beep:b|cnt1[4]              ; clock             ; clock       ; 0.000        ; 0.082      ; 1.029      ;
; 0.736 ; beep:b|cnt1[2]              ; beep:b|cnt1[2]              ; clock             ; clock       ; 0.000        ; 0.082      ; 1.030      ;
; 0.736 ; beep:b|cnt6[4]              ; beep:b|cnt6[4]              ; clock             ; clock       ; 0.000        ; 0.081      ; 1.029      ;
; 0.736 ; debounce:key0|cnt[4]        ; debounce:key0|cnt[4]        ; clock             ; clock       ; 0.000        ; 0.083      ; 1.031      ;
; 0.736 ; debounce:key0|cnt[2]        ; debounce:key0|cnt[2]        ; clock             ; clock       ; 0.000        ; 0.083      ; 1.031      ;
+-------+-----------------------------+-----------------------------+-------------------+-------------+--------------+------------+------------+


+----------------------------------------------------------------------------------------------------------------------------------+
; Slow 1200mV 85C Model Hold: 'debounce:key2|alt'                                                                                  ;
+-------+--------------------+--------------------+-------------------+-------------------+--------------+------------+------------+
; Slack ; From Node          ; To Node            ; Launch Clock      ; Latch Clock       ; Relationship ; Clock Skew ; Data Delay ;
+-------+--------------------+--------------------+-------------------+-------------------+--------------+------------+------------+
; 0.520 ; debounce:key2|dff1 ; debounce:key2|dff2 ; debounce:key2|alt ; debounce:key2|alt ; 0.000        ; 0.080      ; 0.812      ;
+-------+--------------------+--------------------+-------------------+-------------------+--------------+------------+------------+


+----------------------------------------------------------------------------------------------------------------------------------+
; Slow 1200mV 85C Model Hold: 'debounce:key3|alt'                                                                                  ;
+-------+--------------------+--------------------+-------------------+-------------------+--------------+------------+------------+
; Slack ; From Node          ; To Node            ; Launch Clock      ; Latch Clock       ; Relationship ; Clock Skew ; Data Delay ;
+-------+--------------------+--------------------+-------------------+-------------------+--------------+------------+------------+
; 0.528 ; debounce:key3|dff1 ; debounce:key3|dff2 ; debounce:key3|alt ; debounce:key3|alt ; 0.000        ; 0.081      ; 0.821      ;
+-------+--------------------+--------------------+-------------------+-------------------+--------------+------------+------------+


+----------------------------------------------------------------------------------------------------------------------------------+
; Slow 1200mV 85C Model Hold: 'debounce:key0|alt'                                                                                  ;
+-------+--------------------+--------------------+-------------------+-------------------+--------------+------------+------------+
; Slack ; From Node          ; To Node            ; Launch Clock      ; Latch Clock       ; Relationship ; Clock Skew ; Data Delay ;
+-------+--------------------+--------------------+-------------------+-------------------+--------------+------------+------------+
; 0.534 ; debounce:key0|dff1 ; debounce:key0|dff2 ; debounce:key0|alt ; debounce:key0|alt ; 0.000        ; 0.081      ; 0.827      ;
+-------+--------------------+--------------------+-------------------+-------------------+--------------+------------+------------+


+----------------------------------------------------------------------------------------------------------------------------------+
; Slow 1200mV 85C Model Hold: 'debounce:key1|alt'                                                                                  ;
+-------+--------------------+--------------------+-------------------+-------------------+--------------+------------+------------+
; Slack ; From Node          ; To Node            ; Launch Clock      ; Latch Clock       ; Relationship ; Clock Skew ; Data Delay ;
+-------+--------------------+--------------------+-------------------+-------------------+--------------+------------+------------+
; 0.715 ; debounce:key1|dff1 ; debounce:key1|dff2 ; debounce:key1|alt ; debounce:key1|alt ; 0.000        ; 0.080      ; 1.007      ;
+-------+--------------------+--------------------+-------------------+-------------------+--------------+------------+------------+


-----------------------------------------------
; Slow 1200mV 85C Model Metastability Summary ;
-----------------------------------------------
No synchronizer chains to report.


+----------------------------------------------------------------------------------------------------+
; Slow 1200mV 0C Model Fmax Summary                                                                  ;
+-------------+-----------------+-------------------+------------------------------------------------+
; Fmax        ; Restricted Fmax ; Clock Name        ; Note                                           ;
+-------------+-----------------+-------------------+------------------------------------------------+
; 134.37 MHz  ; 134.37 MHz      ; clock             ;                                                ;
; 913.24 MHz  ; 402.09 MHz      ; debounce:key1|alt ; limit due to minimum period restriction (tmin) ;
; 1109.88 MHz ; 402.09 MHz      ; debounce:key0|alt ; limit due to minimum period restriction (tmin) ;
; 1123.6 MHz  ; 402.09 MHz      ; debounce:key3|alt ; limit due to minimum period restriction (tmin) ;
; 1126.13 MHz ; 402.09 MHz      ; debounce:key2|alt ; limit due to minimum period restriction (tmin) ;
+-------------+-----------------+-------------------+------------------------------------------------+
This panel reports FMAX for every clock in the design, regardless of the user-specified clock periods.  FMAX is only computed for paths where the source and destination registers or ports are driven by the same clock.  Paths of different clocks, including generated clocks, are ignored.  For paths between a clock and its inversion, FMAX is computed as if the rising and falling edges are scaled along with FMAX, such that the duty cycle (in terms of a percentage) is maintained. Altera recommends that you always use clock constraints and other slack reports for sign-off analysis.


+--------------------------------------------+
; Slow 1200mV 0C Model Setup Summary         ;
+-------------------+--------+---------------+
; Clock             ; Slack  ; End Point TNS ;
+-------------------+--------+---------------+
; clock             ; -6.442 ; -739.075      ;
; debounce:key1|alt ; -0.095 ; -0.095        ;
; debounce:key0|alt ; 0.099  ; 0.000         ;
; debounce:key3|alt ; 0.110  ; 0.000         ;
; debounce:key2|alt ; 0.112  ; 0.000         ;
+-------------------+--------+---------------+


+-------------------------------------------+
; Slow 1200mV 0C Model Hold Summary         ;
+-------------------+-------+---------------+
; Clock             ; Slack ; End Point TNS ;
+-------------------+-------+---------------+
; clock             ; 0.382 ; 0.000         ;
; debounce:key2|alt ; 0.486 ; 0.000         ;
; debounce:key3|alt ; 0.492 ; 0.000         ;
; debounce:key0|alt ; 0.500 ; 0.000         ;
; debounce:key1|alt ; 0.662 ; 0.000         ;
+-------------------+-------+---------------+


-----------------------------------------
; Slow 1200mV 0C Model Recovery Summary ;
-----------------------------------------
No paths to report.


----------------------------------------
; Slow 1200mV 0C Model Removal Summary ;
----------------------------------------
No paths to report.


+--------------------------------------------------+
; Slow 1200mV 0C Model Minimum Pulse Width Summary ;
+-------------------+--------+---------------------+
; Clock             ; Slack  ; End Point TNS       ;
+-------------------+--------+---------------------+
; clock             ; -3.201 ; -357.587            ;
; debounce:key0|alt ; -1.487 ; -2.974              ;
; debounce:key1|alt ; -1.487 ; -2.974              ;
; debounce:key2|alt ; -1.487 ; -2.974              ;
; debounce:key3|alt ; -1.487 ; -2.974              ;
+-------------------+--------+---------------------+


+-----------------------------------------------------------------------------------------------------------------------------------------------------------------------------------------------------------------------------------+
; Slow 1200mV 0C Model Setup: 'clock'                                                                                                                                                                                               ;
+--------+-----------------------------------------------------------------------------------------------------------------------+----------------------------+--------------+-------------+--------------+------------+------------+
; Slack  ; From Node                                                                                                             ; To Node                    ; Launch Clock ; Latch Clock ; Relationship ; Clock Skew ; Data Delay ;
+--------+-----------------------------------------------------------------------------------------------------------------------+----------------------------+--------------+-------------+--------------+------------+------------+
; -6.442 ; FSM:game_fsm|lpm_ram_dq:ram|altram:sram|altsyncram:ram_block|altsyncram_6n71:auto_generated|ram_block1a0~porta_we_reg ; FSM:game_fsm|START_GAME    ; clock        ; clock       ; 1.000        ; 0.021      ; 7.465      ;
; -6.255 ; FSM:game_fsm|delay[13]                                                                                                ; FSM:game_fsm|delay[16]     ; clock        ; clock       ; 1.000        ; -0.548     ; 6.709      ;
; -6.255 ; FSM:game_fsm|delay[13]                                                                                                ; FSM:game_fsm|delay[17]     ; clock        ; clock       ; 1.000        ; -0.548     ; 6.709      ;
; -6.255 ; FSM:game_fsm|delay[13]                                                                                                ; FSM:game_fsm|delay[22]     ; clock        ; clock       ; 1.000        ; -0.548     ; 6.709      ;
; -6.255 ; FSM:game_fsm|delay[13]                                                                                                ; FSM:game_fsm|delay[23]     ; clock        ; clock       ; 1.000        ; -0.548     ; 6.709      ;
; -6.255 ; FSM:game_fsm|delay[13]                                                                                                ; FSM:game_fsm|delay[21]     ; clock        ; clock       ; 1.000        ; -0.548     ; 6.709      ;
; -6.255 ; FSM:game_fsm|delay[13]                                                                                                ; FSM:game_fsm|delay[19]     ; clock        ; clock       ; 1.000        ; -0.548     ; 6.709      ;
; -6.255 ; FSM:game_fsm|delay[13]                                                                                                ; FSM:game_fsm|delay[18]     ; clock        ; clock       ; 1.000        ; -0.548     ; 6.709      ;
; -6.230 ; FSM:game_fsm|lpm_ram_dq:ram|altram:sram|altsyncram:ram_block|altsyncram_6n71:auto_generated|ram_block1a0~porta_we_reg ; FSM:game_fsm|PLAYER_LOSE   ; clock        ; clock       ; 1.000        ; -0.403     ; 6.829      ;
; -6.229 ; FSM:game_fsm|delay[20]                                                                                                ; FSM:game_fsm|delay[16]     ; clock        ; clock       ; 1.000        ; -0.536     ; 6.695      ;
; -6.229 ; FSM:game_fsm|delay[20]                                                                                                ; FSM:game_fsm|delay[17]     ; clock        ; clock       ; 1.000        ; -0.536     ; 6.695      ;
; -6.229 ; FSM:game_fsm|delay[20]                                                                                                ; FSM:game_fsm|delay[22]     ; clock        ; clock       ; 1.000        ; -0.536     ; 6.695      ;
; -6.229 ; FSM:game_fsm|delay[20]                                                                                                ; FSM:game_fsm|delay[23]     ; clock        ; clock       ; 1.000        ; -0.536     ; 6.695      ;
; -6.229 ; FSM:game_fsm|delay[20]                                                                                                ; FSM:game_fsm|delay[21]     ; clock        ; clock       ; 1.000        ; -0.536     ; 6.695      ;
; -6.229 ; FSM:game_fsm|delay[20]                                                                                                ; FSM:game_fsm|delay[19]     ; clock        ; clock       ; 1.000        ; -0.536     ; 6.695      ;
; -6.229 ; FSM:game_fsm|delay[20]                                                                                                ; FSM:game_fsm|delay[18]     ; clock        ; clock       ; 1.000        ; -0.536     ; 6.695      ;
; -6.097 ; FSM:game_fsm|lpm_ram_dq:ram|altram:sram|altsyncram:ram_block|altsyncram_6n71:auto_generated|ram_block1a0~porta_we_reg ; FSM:game_fsm|score[0]      ; clock        ; clock       ; 1.000        ; 0.045      ; 7.144      ;
; -6.096 ; FSM:game_fsm|lpm_ram_dq:ram|altram:sram|altsyncram:ram_block|altsyncram_6n71:auto_generated|ram_block1a0~porta_we_reg ; FSM:game_fsm|game_round[3] ; clock        ; clock       ; 1.000        ; 0.045      ; 7.143      ;
; -6.096 ; FSM:game_fsm|lpm_ram_dq:ram|altram:sram|altsyncram:ram_block|altsyncram_6n71:auto_generated|ram_block1a0~porta_we_reg ; FSM:game_fsm|game_round[1] ; clock        ; clock       ; 1.000        ; 0.045      ; 7.143      ;
; -6.087 ; FSM:game_fsm|lpm_ram_dq:ram|altram:sram|altsyncram:ram_block|altsyncram_6n71:auto_generated|ram_block1a0~porta_we_reg ; FSM:game_fsm|score[1]      ; clock        ; clock       ; 1.000        ; 0.045      ; 7.134      ;
; -6.086 ; FSM:game_fsm|lpm_ram_dq:ram|altram:sram|altsyncram:ram_block|altsyncram_6n71:auto_generated|ram_block1a0~porta_we_reg ; FSM:game_fsm|score[4]      ; clock        ; clock       ; 1.000        ; 0.045      ; 7.133      ;
; -6.080 ; FSM:game_fsm|lpm_ram_dq:ram|altram:sram|altsyncram:ram_block|altsyncram_6n71:auto_generated|ram_block1a0~porta_we_reg ; FSM:game_fsm|score[3]      ; clock        ; clock       ; 1.000        ; 0.045      ; 7.127      ;
; -6.079 ; FSM:game_fsm|lpm_ram_dq:ram|altram:sram|altsyncram:ram_block|altsyncram_6n71:auto_generated|ram_block1a0~porta_we_reg ; FSM:game_fsm|score[2]      ; clock        ; clock       ; 1.000        ; 0.045      ; 7.126      ;
; -5.968 ; FSM:game_fsm|delay[13]                                                                                                ; FSM:game_fsm|delay[9]      ; clock        ; clock       ; 1.000        ; -0.537     ; 6.433      ;
; -5.968 ; FSM:game_fsm|delay[13]                                                                                                ; FSM:game_fsm|delay[10]     ; clock        ; clock       ; 1.000        ; -0.537     ; 6.433      ;
; -5.968 ; FSM:game_fsm|delay[13]                                                                                                ; FSM:game_fsm|delay[12]     ; clock        ; clock       ; 1.000        ; -0.537     ; 6.433      ;
; -5.968 ; FSM:game_fsm|delay[13]                                                                                                ; FSM:game_fsm|delay[14]     ; clock        ; clock       ; 1.000        ; -0.537     ; 6.433      ;
; -5.968 ; FSM:game_fsm|delay[13]                                                                                                ; FSM:game_fsm|delay[15]     ; clock        ; clock       ; 1.000        ; -0.537     ; 6.433      ;
; -5.896 ; FSM:game_fsm|delay[20]                                                                                                ; FSM:game_fsm|delay[9]      ; clock        ; clock       ; 1.000        ; -0.525     ; 6.373      ;
; -5.896 ; FSM:game_fsm|delay[20]                                                                                                ; FSM:game_fsm|delay[10]     ; clock        ; clock       ; 1.000        ; -0.525     ; 6.373      ;
; -5.896 ; FSM:game_fsm|delay[20]                                                                                                ; FSM:game_fsm|delay[12]     ; clock        ; clock       ; 1.000        ; -0.525     ; 6.373      ;
; -5.896 ; FSM:game_fsm|delay[20]                                                                                                ; FSM:game_fsm|delay[14]     ; clock        ; clock       ; 1.000        ; -0.525     ; 6.373      ;
; -5.896 ; FSM:game_fsm|delay[20]                                                                                                ; FSM:game_fsm|delay[15]     ; clock        ; clock       ; 1.000        ; -0.525     ; 6.373      ;
; -5.876 ; FSM:game_fsm|delay[21]                                                                                                ; FSM:game_fsm|delay[16]     ; clock        ; clock       ; 1.000        ; -0.072     ; 6.806      ;
; -5.876 ; FSM:game_fsm|delay[21]                                                                                                ; FSM:game_fsm|delay[17]     ; clock        ; clock       ; 1.000        ; -0.072     ; 6.806      ;
; -5.876 ; FSM:game_fsm|delay[21]                                                                                                ; FSM:game_fsm|delay[22]     ; clock        ; clock       ; 1.000        ; -0.072     ; 6.806      ;
; -5.876 ; FSM:game_fsm|delay[21]                                                                                                ; FSM:game_fsm|delay[23]     ; clock        ; clock       ; 1.000        ; -0.072     ; 6.806      ;
; -5.876 ; FSM:game_fsm|delay[21]                                                                                                ; FSM:game_fsm|delay[21]     ; clock        ; clock       ; 1.000        ; -0.072     ; 6.806      ;
; -5.876 ; FSM:game_fsm|delay[21]                                                                                                ; FSM:game_fsm|delay[19]     ; clock        ; clock       ; 1.000        ; -0.072     ; 6.806      ;
; -5.876 ; FSM:game_fsm|delay[21]                                                                                                ; FSM:game_fsm|delay[18]     ; clock        ; clock       ; 1.000        ; -0.072     ; 6.806      ;
; -5.869 ; FSM:game_fsm|delay[23]                                                                                                ; FSM:game_fsm|delay[16]     ; clock        ; clock       ; 1.000        ; -0.072     ; 6.799      ;
; -5.869 ; FSM:game_fsm|delay[23]                                                                                                ; FSM:game_fsm|delay[17]     ; clock        ; clock       ; 1.000        ; -0.072     ; 6.799      ;
; -5.869 ; FSM:game_fsm|delay[23]                                                                                                ; FSM:game_fsm|delay[22]     ; clock        ; clock       ; 1.000        ; -0.072     ; 6.799      ;
; -5.869 ; FSM:game_fsm|delay[23]                                                                                                ; FSM:game_fsm|delay[23]     ; clock        ; clock       ; 1.000        ; -0.072     ; 6.799      ;
; -5.869 ; FSM:game_fsm|delay[23]                                                                                                ; FSM:game_fsm|delay[21]     ; clock        ; clock       ; 1.000        ; -0.072     ; 6.799      ;
; -5.869 ; FSM:game_fsm|delay[23]                                                                                                ; FSM:game_fsm|delay[19]     ; clock        ; clock       ; 1.000        ; -0.072     ; 6.799      ;
; -5.869 ; FSM:game_fsm|delay[23]                                                                                                ; FSM:game_fsm|delay[18]     ; clock        ; clock       ; 1.000        ; -0.072     ; 6.799      ;
; -5.868 ; FSM:game_fsm|delay[14]                                                                                                ; FSM:game_fsm|delay[16]     ; clock        ; clock       ; 1.000        ; -0.084     ; 6.786      ;
; -5.868 ; FSM:game_fsm|delay[14]                                                                                                ; FSM:game_fsm|delay[17]     ; clock        ; clock       ; 1.000        ; -0.084     ; 6.786      ;
; -5.868 ; FSM:game_fsm|delay[14]                                                                                                ; FSM:game_fsm|delay[22]     ; clock        ; clock       ; 1.000        ; -0.084     ; 6.786      ;
; -5.868 ; FSM:game_fsm|delay[14]                                                                                                ; FSM:game_fsm|delay[23]     ; clock        ; clock       ; 1.000        ; -0.084     ; 6.786      ;
; -5.868 ; FSM:game_fsm|delay[14]                                                                                                ; FSM:game_fsm|delay[21]     ; clock        ; clock       ; 1.000        ; -0.084     ; 6.786      ;
; -5.868 ; FSM:game_fsm|delay[14]                                                                                                ; FSM:game_fsm|delay[19]     ; clock        ; clock       ; 1.000        ; -0.084     ; 6.786      ;
; -5.868 ; FSM:game_fsm|delay[14]                                                                                                ; FSM:game_fsm|delay[18]     ; clock        ; clock       ; 1.000        ; -0.084     ; 6.786      ;
; -5.848 ; FSM:game_fsm|lpm_ram_dq:ram|altram:sram|altsyncram:ram_block|altsyncram_6n71:auto_generated|ram_block1a0~porta_we_reg ; FSM:game_fsm|game_round[2] ; clock        ; clock       ; 1.000        ; 0.045      ; 6.895      ;
; -5.848 ; FSM:game_fsm|lpm_ram_dq:ram|altram:sram|altsyncram:ram_block|altsyncram_6n71:auto_generated|ram_block1a0~porta_we_reg ; FSM:game_fsm|game_round[4] ; clock        ; clock       ; 1.000        ; -0.403     ; 6.447      ;
; -5.848 ; FSM:game_fsm|lpm_ram_dq:ram|altram:sram|altsyncram:ram_block|altsyncram_6n71:auto_generated|ram_block1a0~porta_we_reg ; FSM:game_fsm|game_round[0] ; clock        ; clock       ; 1.000        ; -0.403     ; 6.447      ;
; -5.846 ; FSM:game_fsm|lpm_ram_dq:ram|altram:sram|altsyncram:ram_block|altsyncram_6n71:auto_generated|ram_block1a0~porta_we_reg ; FSM:game_fsm|PLAYER_WIN    ; clock        ; clock       ; 1.000        ; 0.045      ; 6.893      ;
; -5.834 ; FSM:game_fsm|lpm_ram_dq:ram|altram:sram|altsyncram:ram_block|altsyncram_6n71:auto_generated|ram_block1a0~porta_we_reg ; FSM:game_fsm|read_ptr[2]   ; clock        ; clock       ; 1.000        ; 0.045      ; 6.881      ;
; -5.833 ; FSM:game_fsm|lpm_ram_dq:ram|altram:sram|altsyncram:ram_block|altsyncram_6n71:auto_generated|ram_block1a0~porta_we_reg ; FSM:game_fsm|READ_COLOR    ; clock        ; clock       ; 1.000        ; 0.045      ; 6.880      ;
; -5.832 ; FSM:game_fsm|lpm_ram_dq:ram|altram:sram|altsyncram:ram_block|altsyncram_6n71:auto_generated|ram_block1a0~porta_we_reg ; FSM:game_fsm|read_ptr[0]   ; clock        ; clock       ; 1.000        ; 0.045      ; 6.879      ;
; -5.831 ; FSM:game_fsm|lpm_ram_dq:ram|altram:sram|altsyncram:ram_block|altsyncram_6n71:auto_generated|ram_block1a0~porta_we_reg ; FSM:game_fsm|read_ptr[3]   ; clock        ; clock       ; 1.000        ; 0.045      ; 6.878      ;
; -5.830 ; FSM:game_fsm|lpm_ram_dq:ram|altram:sram|altsyncram:ram_block|altsyncram_6n71:auto_generated|ram_block1a0~porta_we_reg ; FSM:game_fsm|read_ptr[4]   ; clock        ; clock       ; 1.000        ; 0.045      ; 6.877      ;
; -5.829 ; FSM:game_fsm|lpm_ram_dq:ram|altram:sram|altsyncram:ram_block|altsyncram_6n71:auto_generated|ram_block1a0~porta_we_reg ; FSM:game_fsm|read_ptr[1]   ; clock        ; clock       ; 1.000        ; 0.045      ; 6.876      ;
; -5.828 ; FSM:game_fsm|delay[8]                                                                                                 ; FSM:game_fsm|delay[16]     ; clock        ; clock       ; 1.000        ; -0.548     ; 6.282      ;
; -5.828 ; FSM:game_fsm|delay[8]                                                                                                 ; FSM:game_fsm|delay[17]     ; clock        ; clock       ; 1.000        ; -0.548     ; 6.282      ;
; -5.828 ; FSM:game_fsm|delay[8]                                                                                                 ; FSM:game_fsm|delay[22]     ; clock        ; clock       ; 1.000        ; -0.548     ; 6.282      ;
; -5.828 ; FSM:game_fsm|delay[8]                                                                                                 ; FSM:game_fsm|delay[23]     ; clock        ; clock       ; 1.000        ; -0.548     ; 6.282      ;
; -5.828 ; FSM:game_fsm|delay[8]                                                                                                 ; FSM:game_fsm|delay[21]     ; clock        ; clock       ; 1.000        ; -0.548     ; 6.282      ;
; -5.828 ; FSM:game_fsm|delay[8]                                                                                                 ; FSM:game_fsm|delay[19]     ; clock        ; clock       ; 1.000        ; -0.548     ; 6.282      ;
; -5.828 ; FSM:game_fsm|delay[8]                                                                                                 ; FSM:game_fsm|delay[18]     ; clock        ; clock       ; 1.000        ; -0.548     ; 6.282      ;
; -5.809 ; FSM:game_fsm|delay[13]                                                                                                ; FSM:game_fsm|delay[29]     ; clock        ; clock       ; 1.000        ; -0.102     ; 6.709      ;
; -5.809 ; FSM:game_fsm|delay[13]                                                                                                ; FSM:game_fsm|delay[26]     ; clock        ; clock       ; 1.000        ; -0.102     ; 6.709      ;
; -5.809 ; FSM:game_fsm|delay[13]                                                                                                ; FSM:game_fsm|delay[20]     ; clock        ; clock       ; 1.000        ; -0.102     ; 6.709      ;
; -5.809 ; FSM:game_fsm|delay[13]                                                                                                ; FSM:game_fsm|delay[31]     ; clock        ; clock       ; 1.000        ; -0.102     ; 6.709      ;
; -5.809 ; FSM:game_fsm|delay[13]                                                                                                ; FSM:game_fsm|delay[27]     ; clock        ; clock       ; 1.000        ; -0.102     ; 6.709      ;
; -5.809 ; FSM:game_fsm|delay[13]                                                                                                ; FSM:game_fsm|delay[28]     ; clock        ; clock       ; 1.000        ; -0.102     ; 6.709      ;
; -5.809 ; FSM:game_fsm|delay[13]                                                                                                ; FSM:game_fsm|delay[30]     ; clock        ; clock       ; 1.000        ; -0.102     ; 6.709      ;
; -5.809 ; FSM:game_fsm|delay[13]                                                                                                ; FSM:game_fsm|delay[24]     ; clock        ; clock       ; 1.000        ; -0.102     ; 6.709      ;
; -5.809 ; FSM:game_fsm|delay[13]                                                                                                ; FSM:game_fsm|delay[25]     ; clock        ; clock       ; 1.000        ; -0.102     ; 6.709      ;
; -5.791 ; FSM:game_fsm|delay[15]                                                                                                ; FSM:game_fsm|delay[16]     ; clock        ; clock       ; 1.000        ; -0.084     ; 6.709      ;
; -5.791 ; FSM:game_fsm|delay[15]                                                                                                ; FSM:game_fsm|delay[17]     ; clock        ; clock       ; 1.000        ; -0.084     ; 6.709      ;
; -5.791 ; FSM:game_fsm|delay[15]                                                                                                ; FSM:game_fsm|delay[22]     ; clock        ; clock       ; 1.000        ; -0.084     ; 6.709      ;
; -5.791 ; FSM:game_fsm|delay[15]                                                                                                ; FSM:game_fsm|delay[23]     ; clock        ; clock       ; 1.000        ; -0.084     ; 6.709      ;
; -5.791 ; FSM:game_fsm|delay[15]                                                                                                ; FSM:game_fsm|delay[21]     ; clock        ; clock       ; 1.000        ; -0.084     ; 6.709      ;
; -5.791 ; FSM:game_fsm|delay[15]                                                                                                ; FSM:game_fsm|delay[19]     ; clock        ; clock       ; 1.000        ; -0.084     ; 6.709      ;
; -5.791 ; FSM:game_fsm|delay[15]                                                                                                ; FSM:game_fsm|delay[18]     ; clock        ; clock       ; 1.000        ; -0.084     ; 6.709      ;
; -5.783 ; FSM:game_fsm|delay[20]                                                                                                ; FSM:game_fsm|delay[29]     ; clock        ; clock       ; 1.000        ; -0.090     ; 6.695      ;
; -5.783 ; FSM:game_fsm|delay[20]                                                                                                ; FSM:game_fsm|delay[26]     ; clock        ; clock       ; 1.000        ; -0.090     ; 6.695      ;
; -5.783 ; FSM:game_fsm|delay[20]                                                                                                ; FSM:game_fsm|delay[20]     ; clock        ; clock       ; 1.000        ; -0.090     ; 6.695      ;
; -5.783 ; FSM:game_fsm|delay[20]                                                                                                ; FSM:game_fsm|delay[31]     ; clock        ; clock       ; 1.000        ; -0.090     ; 6.695      ;
; -5.783 ; FSM:game_fsm|delay[20]                                                                                                ; FSM:game_fsm|delay[27]     ; clock        ; clock       ; 1.000        ; -0.090     ; 6.695      ;
; -5.783 ; FSM:game_fsm|delay[20]                                                                                                ; FSM:game_fsm|delay[28]     ; clock        ; clock       ; 1.000        ; -0.090     ; 6.695      ;
; -5.783 ; FSM:game_fsm|delay[20]                                                                                                ; FSM:game_fsm|delay[30]     ; clock        ; clock       ; 1.000        ; -0.090     ; 6.695      ;
; -5.783 ; FSM:game_fsm|delay[20]                                                                                                ; FSM:game_fsm|delay[24]     ; clock        ; clock       ; 1.000        ; -0.090     ; 6.695      ;
; -5.783 ; FSM:game_fsm|delay[20]                                                                                                ; FSM:game_fsm|delay[25]     ; clock        ; clock       ; 1.000        ; -0.090     ; 6.695      ;
; -5.779 ; FSM:game_fsm|delay[16]                                                                                                ; FSM:game_fsm|delay[16]     ; clock        ; clock       ; 1.000        ; -0.072     ; 6.709      ;
; -5.779 ; FSM:game_fsm|delay[16]                                                                                                ; FSM:game_fsm|delay[17]     ; clock        ; clock       ; 1.000        ; -0.072     ; 6.709      ;
; -5.779 ; FSM:game_fsm|delay[16]                                                                                                ; FSM:game_fsm|delay[22]     ; clock        ; clock       ; 1.000        ; -0.072     ; 6.709      ;
; -5.779 ; FSM:game_fsm|delay[16]                                                                                                ; FSM:game_fsm|delay[23]     ; clock        ; clock       ; 1.000        ; -0.072     ; 6.709      ;
+--------+-----------------------------------------------------------------------------------------------------------------------+----------------------------+--------------+-------------+--------------+------------+------------+


+-----------------------------------------------------------------------------------------------------------------------------------+
; Slow 1200mV 0C Model Setup: 'debounce:key1|alt'                                                                                   ;
+--------+--------------------+--------------------+-------------------+-------------------+--------------+------------+------------+
; Slack  ; From Node          ; To Node            ; Launch Clock      ; Latch Clock       ; Relationship ; Clock Skew ; Data Delay ;
+--------+--------------------+--------------------+-------------------+-------------------+--------------+------------+------------+
; -0.095 ; debounce:key1|dff1 ; debounce:key1|dff2 ; debounce:key1|alt ; debounce:key1|alt ; 1.000        ; -0.072     ; 1.025      ;
+--------+--------------------+--------------------+-------------------+-------------------+--------------+------------+------------+


+----------------------------------------------------------------------------------------------------------------------------------+
; Slow 1200mV 0C Model Setup: 'debounce:key0|alt'                                                                                  ;
+-------+--------------------+--------------------+-------------------+-------------------+--------------+------------+------------+
; Slack ; From Node          ; To Node            ; Launch Clock      ; Latch Clock       ; Relationship ; Clock Skew ; Data Delay ;
+-------+--------------------+--------------------+-------------------+-------------------+--------------+------------+------------+
; 0.099 ; debounce:key0|dff1 ; debounce:key0|dff2 ; debounce:key0|alt ; debounce:key0|alt ; 1.000        ; -0.072     ; 0.831      ;
+-------+--------------------+--------------------+-------------------+-------------------+--------------+------------+------------+


+----------------------------------------------------------------------------------------------------------------------------------+
; Slow 1200mV 0C Model Setup: 'debounce:key3|alt'                                                                                  ;
+-------+--------------------+--------------------+-------------------+-------------------+--------------+------------+------------+
; Slack ; From Node          ; To Node            ; Launch Clock      ; Latch Clock       ; Relationship ; Clock Skew ; Data Delay ;
+-------+--------------------+--------------------+-------------------+-------------------+--------------+------------+------------+
; 0.110 ; debounce:key3|dff1 ; debounce:key3|dff2 ; debounce:key3|alt ; debounce:key3|alt ; 1.000        ; -0.073     ; 0.819      ;
+-------+--------------------+--------------------+-------------------+-------------------+--------------+------------+------------+


+----------------------------------------------------------------------------------------------------------------------------------+
; Slow 1200mV 0C Model Setup: 'debounce:key2|alt'                                                                                  ;
+-------+--------------------+--------------------+-------------------+-------------------+--------------+------------+------------+
; Slack ; From Node          ; To Node            ; Launch Clock      ; Latch Clock       ; Relationship ; Clock Skew ; Data Delay ;
+-------+--------------------+--------------------+-------------------+-------------------+--------------+------------+------------+
; 0.112 ; debounce:key2|dff1 ; debounce:key2|dff2 ; debounce:key2|alt ; debounce:key2|alt ; 1.000        ; -0.072     ; 0.818      ;
+-------+--------------------+--------------------+-------------------+-------------------+--------------+------------+------------+


+----------------------------------------------------------------------------------------------------------------------------------------------+
; Slow 1200mV 0C Model Hold: 'clock'                                                                                                           ;
+-------+-----------------------------+-----------------------------+-------------------+-------------+--------------+------------+------------+
; Slack ; From Node                   ; To Node                     ; Launch Clock      ; Latch Clock ; Relationship ; Clock Skew ; Data Delay ;
+-------+-----------------------------+-----------------------------+-------------------+-------------+--------------+------------+------------+
; 0.382 ; FSM:game_fsm|score[4]       ; FSM:game_fsm|score[4]       ; clock             ; clock       ; 0.000        ; 0.092      ; 0.669      ;
; 0.382 ; FSM:game_fsm|score[3]       ; FSM:game_fsm|score[3]       ; clock             ; clock       ; 0.000        ; 0.092      ; 0.669      ;
; 0.382 ; FSM:game_fsm|score[2]       ; FSM:game_fsm|score[2]       ; clock             ; clock       ; 0.000        ; 0.092      ; 0.669      ;
; 0.382 ; FSM:game_fsm|score[1]       ; FSM:game_fsm|score[1]       ; clock             ; clock       ; 0.000        ; 0.092      ; 0.669      ;
; 0.382 ; FSM:game_fsm|score[0]       ; FSM:game_fsm|score[0]       ; clock             ; clock       ; 0.000        ; 0.092      ; 0.669      ;
; 0.382 ; FSM:game_fsm|PLAYER_WIN     ; FSM:game_fsm|PLAYER_WIN     ; clock             ; clock       ; 0.000        ; 0.092      ; 0.669      ;
; 0.382 ; FSM:game_fsm|read_ptr[4]    ; FSM:game_fsm|read_ptr[4]    ; clock             ; clock       ; 0.000        ; 0.092      ; 0.669      ;
; 0.382 ; FSM:game_fsm|read_ptr[0]    ; FSM:game_fsm|read_ptr[0]    ; clock             ; clock       ; 0.000        ; 0.092      ; 0.669      ;
; 0.382 ; FSM:game_fsm|read_ptr[1]    ; FSM:game_fsm|read_ptr[1]    ; clock             ; clock       ; 0.000        ; 0.092      ; 0.669      ;
; 0.382 ; FSM:game_fsm|read_ptr[2]    ; FSM:game_fsm|read_ptr[2]    ; clock             ; clock       ; 0.000        ; 0.092      ; 0.669      ;
; 0.382 ; FSM:game_fsm|read_ptr[3]    ; FSM:game_fsm|read_ptr[3]    ; clock             ; clock       ; 0.000        ; 0.092      ; 0.669      ;
; 0.382 ; FSM:game_fsm|game_round[3]  ; FSM:game_fsm|game_round[3]  ; clock             ; clock       ; 0.000        ; 0.092      ; 0.669      ;
; 0.382 ; FSM:game_fsm|game_round[1]  ; FSM:game_fsm|game_round[1]  ; clock             ; clock       ; 0.000        ; 0.092      ; 0.669      ;
; 0.382 ; FSM:game_fsm|game_round[2]  ; FSM:game_fsm|game_round[2]  ; clock             ; clock       ; 0.000        ; 0.092      ; 0.669      ;
; 0.397 ; FSM:game_fsm|delay[0]       ; FSM:game_fsm|delay[0]       ; clock             ; clock       ; 0.000        ; 0.092      ; 0.684      ;
; 0.398 ; beep:b|cnt6[0]              ; beep:b|cnt6[0]              ; clock             ; clock       ; 0.000        ; 0.091      ; 0.684      ;
; 0.398 ; sevenseg:display|refresh[0] ; sevenseg:display|refresh[0] ; clock             ; clock       ; 0.000        ; 0.091      ; 0.684      ;
; 0.400 ; FSM:game_fsm|record[1]      ; FSM:game_fsm|record[1]      ; clock             ; clock       ; 0.000        ; 0.074      ; 0.669      ;
; 0.400 ; FSM:game_fsm|record[3]      ; FSM:game_fsm|record[3]      ; clock             ; clock       ; 0.000        ; 0.074      ; 0.669      ;
; 0.400 ; beep:b|alt3                 ; beep:b|alt3                 ; clock             ; clock       ; 0.000        ; 0.074      ; 0.669      ;
; 0.401 ; beep:b|alt1                 ; beep:b|alt1                 ; clock             ; clock       ; 0.000        ; 0.073      ; 0.669      ;
; 0.401 ; beep:b|alt4                 ; beep:b|alt4                 ; clock             ; clock       ; 0.000        ; 0.073      ; 0.669      ;
; 0.401 ; FSM:game_fsm|PLAYER_LOSE    ; FSM:game_fsm|PLAYER_LOSE    ; clock             ; clock       ; 0.000        ; 0.073      ; 0.669      ;
; 0.401 ; FSM:game_fsm|game_round[4]  ; FSM:game_fsm|game_round[4]  ; clock             ; clock       ; 0.000        ; 0.073      ; 0.669      ;
; 0.401 ; FSM:game_fsm|game_round[0]  ; FSM:game_fsm|game_round[0]  ; clock             ; clock       ; 0.000        ; 0.073      ; 0.669      ;
; 0.401 ; FSM:game_fsm|SHOW_SEQUENCE  ; FSM:game_fsm|SHOW_SEQUENCE  ; clock             ; clock       ; 0.000        ; 0.073      ; 0.669      ;
; 0.401 ; FSM:game_fsm|show_ptr[0]    ; FSM:game_fsm|show_ptr[0]    ; clock             ; clock       ; 0.000        ; 0.073      ; 0.669      ;
; 0.401 ; FSM:game_fsm|show_ptr[1]    ; FSM:game_fsm|show_ptr[1]    ; clock             ; clock       ; 0.000        ; 0.073      ; 0.669      ;
; 0.401 ; FSM:game_fsm|show_ptr[2]    ; FSM:game_fsm|show_ptr[2]    ; clock             ; clock       ; 0.000        ; 0.073      ; 0.669      ;
; 0.401 ; FSM:game_fsm|show_ptr[4]    ; FSM:game_fsm|show_ptr[4]    ; clock             ; clock       ; 0.000        ; 0.073      ; 0.669      ;
; 0.401 ; FSM:game_fsm|show_ptr[3]    ; FSM:game_fsm|show_ptr[3]    ; clock             ; clock       ; 0.000        ; 0.073      ; 0.669      ;
; 0.401 ; PRNG:rng|xn[4]              ; PRNG:rng|xn[4]              ; clock             ; clock       ; 0.000        ; 0.073      ; 0.669      ;
; 0.401 ; PRNG:rng|xn[5]              ; PRNG:rng|xn[5]              ; clock             ; clock       ; 0.000        ; 0.073      ; 0.669      ;
; 0.401 ; PRNG:rng|xn[6]              ; PRNG:rng|xn[6]              ; clock             ; clock       ; 0.000        ; 0.073      ; 0.669      ;
; 0.401 ; PRNG:rng|xn[7]              ; PRNG:rng|xn[7]              ; clock             ; clock       ; 0.000        ; 0.073      ; 0.669      ;
; 0.401 ; PRNG:rng|seed4[3]           ; PRNG:rng|seed4[3]           ; clock             ; clock       ; 0.000        ; 0.073      ; 0.669      ;
; 0.401 ; PRNG:rng|seed4[2]           ; PRNG:rng|seed4[2]           ; clock             ; clock       ; 0.000        ; 0.073      ; 0.669      ;
; 0.401 ; PRNG:rng|seed4[1]           ; PRNG:rng|seed4[1]           ; clock             ; clock       ; 0.000        ; 0.073      ; 0.669      ;
; 0.402 ; FSM:game_fsm|record[2]      ; FSM:game_fsm|record[2]      ; clock             ; clock       ; 0.000        ; 0.072      ; 0.669      ;
; 0.402 ; FSM:game_fsm|record[0]      ; FSM:game_fsm|record[0]      ; clock             ; clock       ; 0.000        ; 0.072      ; 0.669      ;
; 0.402 ; FSM:game_fsm|record[4]      ; FSM:game_fsm|record[4]      ; clock             ; clock       ; 0.000        ; 0.072      ; 0.669      ;
; 0.402 ; beep:b|alt2                 ; beep:b|alt2                 ; clock             ; clock       ; 0.000        ; 0.072      ; 0.669      ;
; 0.402 ; beep:b|alt5                 ; beep:b|alt5                 ; clock             ; clock       ; 0.000        ; 0.072      ; 0.669      ;
; 0.402 ; beep:b|alt6                 ; beep:b|alt6                 ; clock             ; clock       ; 0.000        ; 0.072      ; 0.669      ;
; 0.402 ; PRNG:rng|xn[1]              ; PRNG:rng|xn[1]              ; clock             ; clock       ; 0.000        ; 0.072      ; 0.669      ;
; 0.402 ; PRNG:rng|xn[2]              ; PRNG:rng|xn[2]              ; clock             ; clock       ; 0.000        ; 0.072      ; 0.669      ;
; 0.402 ; PRNG:rng|xn[3]              ; PRNG:rng|xn[3]              ; clock             ; clock       ; 0.000        ; 0.072      ; 0.669      ;
; 0.402 ; PRNG:rng|xn[0]              ; PRNG:rng|xn[0]              ; clock             ; clock       ; 0.000        ; 0.072      ; 0.669      ;
; 0.406 ; debounce:key2|alt           ; debounce:key2|alt           ; debounce:key2|alt ; clock       ; 0.000        ; 2.428      ; 3.299      ;
; 0.415 ; beep:b|cnt3[0]              ; beep:b|cnt3[0]              ; clock             ; clock       ; 0.000        ; 0.074      ; 0.684      ;
; 0.415 ; debounce:key0|cnt[0]        ; debounce:key0|cnt[0]        ; clock             ; clock       ; 0.000        ; 0.074      ; 0.684      ;
; 0.416 ; beep:b|cnt1[0]              ; beep:b|cnt1[0]              ; clock             ; clock       ; 0.000        ; 0.073      ; 0.684      ;
; 0.416 ; beep:b|cnt4[0]              ; beep:b|cnt4[0]              ; clock             ; clock       ; 0.000        ; 0.073      ; 0.684      ;
; 0.416 ; PRNG:rng|seed4[0]           ; PRNG:rng|seed4[0]           ; clock             ; clock       ; 0.000        ; 0.073      ; 0.684      ;
; 0.417 ; beep:b|cnt2[0]              ; beep:b|cnt2[0]              ; clock             ; clock       ; 0.000        ; 0.072      ; 0.684      ;
; 0.417 ; beep:b|cnt5[0]              ; beep:b|cnt5[0]              ; clock             ; clock       ; 0.000        ; 0.072      ; 0.684      ;
; 0.420 ; debounce:key1|alt           ; debounce:key1|alt           ; debounce:key1|alt ; clock       ; 0.000        ; 2.428      ; 3.313      ;
; 0.455 ; beep:b|cnt4[15]             ; beep:b|cnt4[15]             ; clock             ; clock       ; 0.000        ; 0.073      ; 0.723      ;
; 0.469 ; debounce:key0|cnt[19]       ; debounce:key0|cnt[19]       ; clock             ; clock       ; 0.000        ; 0.073      ; 0.737      ;
; 0.469 ; beep:b|cnt5[15]             ; beep:b|cnt5[15]             ; clock             ; clock       ; 0.000        ; 0.072      ; 0.736      ;
; 0.470 ; beep:b|cnt6[17]             ; beep:b|cnt6[17]             ; clock             ; clock       ; 0.000        ; 0.072      ; 0.737      ;
; 0.472 ; PRNG:rng|yn[4]              ; PRNG:rng|yn[3]              ; clock             ; clock       ; 0.000        ; 0.072      ; 0.739      ;
; 0.482 ; PRNG:rng|yn[1]              ; PRNG:rng|yn[0]              ; clock             ; clock       ; 0.000        ; 0.072      ; 0.749      ;
; 0.482 ; PRNG:rng|seed4[0]           ; PRNG:rng|seed4[1]           ; clock             ; clock       ; 0.000        ; 0.073      ; 0.750      ;
; 0.483 ; PRNG:rng|seed4[0]           ; PRNG:rng|seed4[3]           ; clock             ; clock       ; 0.000        ; 0.073      ; 0.751      ;
; 0.484 ; PRNG:rng|seed4[0]           ; PRNG:rng|seed4[2]           ; clock             ; clock       ; 0.000        ; 0.073      ; 0.752      ;
; 0.492 ; debounce:key3|alt           ; debounce:key3|alt           ; debounce:key3|alt ; clock       ; 0.000        ; 2.428      ; 3.385      ;
; 0.563 ; FSM:game_fsm|delay[19]      ; FSM:game_fsm|delay[20]      ; clock             ; clock       ; 0.000        ; 0.536      ; 1.294      ;
; 0.567 ; FSM:game_fsm|delay[10]      ; FSM:game_fsm|delay[11]      ; clock             ; clock       ; 0.000        ; 0.537      ; 1.299      ;
; 0.567 ; FSM:game_fsm|delay[12]      ; FSM:game_fsm|delay[13]      ; clock             ; clock       ; 0.000        ; 0.537      ; 1.299      ;
; 0.567 ; FSM:game_fsm|delay[23]      ; FSM:game_fsm|delay[24]      ; clock             ; clock       ; 0.000        ; 0.536      ; 1.298      ;
; 0.582 ; FSM:game_fsm|delay[23]      ; FSM:game_fsm|delay[25]      ; clock             ; clock       ; 0.000        ; 0.536      ; 1.313      ;
; 0.588 ; FSM:game_fsm|delay[9]       ; FSM:game_fsm|delay[11]      ; clock             ; clock       ; 0.000        ; 0.537      ; 1.320      ;
; 0.594 ; PRNG:rng|xn[5]              ; PRNG:rng|yn[5]              ; clock             ; clock       ; 0.000        ; 0.073      ; 0.862      ;
; 0.604 ; PRNG:rng|xn[2]              ; PRNG:rng|yn[2]              ; clock             ; clock       ; 0.000        ; 0.072      ; 0.871      ;
; 0.606 ; PRNG:rng|xn[3]              ; PRNG:rng|yn[4]              ; clock             ; clock       ; 0.000        ; 0.072      ; 0.873      ;
; 0.609 ; PRNG:rng|xn[6]              ; PRNG:rng|yn[6]              ; clock             ; clock       ; 0.000        ; 0.073      ; 0.877      ;
; 0.609 ; PRNG:rng|xn[3]              ; PRNG:rng|yn[3]              ; clock             ; clock       ; 0.000        ; 0.072      ; 0.876      ;
; 0.616 ; debounce:key0|alt           ; debounce:key0|alt           ; debounce:key0|alt ; clock       ; 0.000        ; 2.427      ; 3.508      ;
; 0.630 ; PRNG:rng|xn[4]              ; PRNG:rng|xn[5]              ; clock             ; clock       ; 0.000        ; 0.073      ; 0.898      ;
; 0.630 ; PRNG:rng|xn[4]              ; PRNG:rng|yn[5]              ; clock             ; clock       ; 0.000        ; 0.073      ; 0.898      ;
; 0.633 ; PRNG:rng|xn[0]              ; PRNG:rng|xn[1]              ; clock             ; clock       ; 0.000        ; 0.072      ; 0.900      ;
; 0.637 ; PRNG:rng|yn[7]              ; PRNG:rng|xn[7]              ; clock             ; clock       ; 0.000        ; 0.073      ; 0.905      ;
; 0.638 ; PRNG:rng|yn[7]              ; PRNG:rng|yn[6]              ; clock             ; clock       ; 0.000        ; 0.073      ; 0.906      ;
; 0.641 ; PRNG:rng|xn[2]              ; PRNG:rng|xn[3]              ; clock             ; clock       ; 0.000        ; 0.072      ; 0.908      ;
; 0.644 ; PRNG:rng|xn[0]              ; PRNG:rng|yn[1]              ; clock             ; clock       ; 0.000        ; 0.072      ; 0.911      ;
; 0.646 ; PRNG:rng|xn[0]              ; PRNG:rng|yn[0]              ; clock             ; clock       ; 0.000        ; 0.072      ; 0.913      ;
; 0.647 ; PRNG:rng|seed4[3]           ; PRNG:rng|xn[7]              ; clock             ; clock       ; 0.000        ; 0.073      ; 0.915      ;
; 0.652 ; PRNG:rng|seed4[2]           ; PRNG:rng|xn[6]              ; clock             ; clock       ; 0.000        ; 0.073      ; 0.920      ;
; 0.658 ; FSM:game_fsm|delay[22]      ; FSM:game_fsm|delay[24]      ; clock             ; clock       ; 0.000        ; 0.536      ; 1.389      ;
; 0.661 ; PRNG:rng|seed4[1]           ; PRNG:rng|xn[5]              ; clock             ; clock       ; 0.000        ; 0.073      ; 0.929      ;
; 0.663 ; FSM:game_fsm|delay[18]      ; FSM:game_fsm|delay[20]      ; clock             ; clock       ; 0.000        ; 0.536      ; 1.394      ;
; 0.667 ; FSM:game_fsm|delay[2]       ; FSM:game_fsm|delay[2]       ; clock             ; clock       ; 0.000        ; 0.091      ; 0.953      ;
; 0.667 ; FSM:game_fsm|delay[3]       ; FSM:game_fsm|delay[3]       ; clock             ; clock       ; 0.000        ; 0.091      ; 0.953      ;
; 0.667 ; FSM:game_fsm|delay[5]       ; FSM:game_fsm|delay[5]       ; clock             ; clock       ; 0.000        ; 0.091      ; 0.953      ;
; 0.667 ; PRNG:rng|yn[5]              ; PRNG:rng|yn[4]              ; clock             ; clock       ; 0.000        ; 0.072      ; 0.934      ;
; 0.668 ; FSM:game_fsm|delay[4]       ; FSM:game_fsm|delay[4]       ; clock             ; clock       ; 0.000        ; 0.091      ; 0.954      ;
; 0.679 ; FSM:game_fsm|delay[7]       ; FSM:game_fsm|delay[7]       ; clock             ; clock       ; 0.000        ; 0.091      ; 0.965      ;
; 0.684 ; beep:b|cnt1[4]              ; beep:b|cnt1[4]              ; clock             ; clock       ; 0.000        ; 0.073      ; 0.952      ;
; 0.684 ; beep:b|cnt6[4]              ; beep:b|cnt6[4]              ; clock             ; clock       ; 0.000        ; 0.072      ; 0.951      ;
+-------+-----------------------------+-----------------------------+-------------------+-------------+--------------+------------+------------+


+----------------------------------------------------------------------------------------------------------------------------------+
; Slow 1200mV 0C Model Hold: 'debounce:key2|alt'                                                                                   ;
+-------+--------------------+--------------------+-------------------+-------------------+--------------+------------+------------+
; Slack ; From Node          ; To Node            ; Launch Clock      ; Latch Clock       ; Relationship ; Clock Skew ; Data Delay ;
+-------+--------------------+--------------------+-------------------+-------------------+--------------+------------+------------+
; 0.486 ; debounce:key2|dff1 ; debounce:key2|dff2 ; debounce:key2|alt ; debounce:key2|alt ; 0.000        ; 0.072      ; 0.753      ;
+-------+--------------------+--------------------+-------------------+-------------------+--------------+------------+------------+


+----------------------------------------------------------------------------------------------------------------------------------+
; Slow 1200mV 0C Model Hold: 'debounce:key3|alt'                                                                                   ;
+-------+--------------------+--------------------+-------------------+-------------------+--------------+------------+------------+
; Slack ; From Node          ; To Node            ; Launch Clock      ; Latch Clock       ; Relationship ; Clock Skew ; Data Delay ;
+-------+--------------------+--------------------+-------------------+-------------------+--------------+------------+------------+
; 0.492 ; debounce:key3|dff1 ; debounce:key3|dff2 ; debounce:key3|alt ; debounce:key3|alt ; 0.000        ; 0.073      ; 0.760      ;
+-------+--------------------+--------------------+-------------------+-------------------+--------------+------------+------------+


+----------------------------------------------------------------------------------------------------------------------------------+
; Slow 1200mV 0C Model Hold: 'debounce:key0|alt'                                                                                   ;
+-------+--------------------+--------------------+-------------------+-------------------+--------------+------------+------------+
; Slack ; From Node          ; To Node            ; Launch Clock      ; Latch Clock       ; Relationship ; Clock Skew ; Data Delay ;
+-------+--------------------+--------------------+-------------------+-------------------+--------------+------------+------------+
; 0.500 ; debounce:key0|dff1 ; debounce:key0|dff2 ; debounce:key0|alt ; debounce:key0|alt ; 0.000        ; 0.072      ; 0.767      ;
+-------+--------------------+--------------------+-------------------+-------------------+--------------+------------+------------+


+----------------------------------------------------------------------------------------------------------------------------------+
; Slow 1200mV 0C Model Hold: 'debounce:key1|alt'                                                                                   ;
+-------+--------------------+--------------------+-------------------+-------------------+--------------+------------+------------+
; Slack ; From Node          ; To Node            ; Launch Clock      ; Latch Clock       ; Relationship ; Clock Skew ; Data Delay ;
+-------+--------------------+--------------------+-------------------+-------------------+--------------+------------+------------+
; 0.662 ; debounce:key1|dff1 ; debounce:key1|dff2 ; debounce:key1|alt ; debounce:key1|alt ; 0.000        ; 0.072      ; 0.929      ;
+-------+--------------------+--------------------+-------------------+-------------------+--------------+------------+------------+


----------------------------------------------
; Slow 1200mV 0C Model Metastability Summary ;
----------------------------------------------
No synchronizer chains to report.


+--------------------------------------------+
; Fast 1200mV 0C Model Setup Summary         ;
+-------------------+--------+---------------+
; Clock             ; Slack  ; End Point TNS ;
+-------------------+--------+---------------+
; clock             ; -2.299 ; -212.338      ;
; debounce:key1|alt ; 0.499  ; 0.000         ;
; debounce:key0|alt ; 0.559  ; 0.000         ;
; debounce:key2|alt ; 0.564  ; 0.000         ;
; debounce:key3|alt ; 0.564  ; 0.000         ;
+-------------------+--------+---------------+


+-------------------------------------------+
; Fast 1200mV 0C Model Hold Summary         ;
+-------------------+-------+---------------+
; Clock             ; Slack ; End Point TNS ;
+-------------------+-------+---------------+
; clock             ; 0.145 ; 0.000         ;
; debounce:key2|alt ; 0.204 ; 0.000         ;
; debounce:key3|alt ; 0.207 ; 0.000         ;
; debounce:key0|alt ; 0.210 ; 0.000         ;
; debounce:key1|alt ; 0.276 ; 0.000         ;
+-------------------+-------+---------------+


-----------------------------------------
; Fast 1200mV 0C Model Recovery Summary ;
-----------------------------------------
No paths to report.


----------------------------------------
; Fast 1200mV 0C Model Removal Summary ;
----------------------------------------
No paths to report.


+--------------------------------------------------+
; Fast 1200mV 0C Model Minimum Pulse Width Summary ;
+-------------------+--------+---------------------+
; Clock             ; Slack  ; End Point TNS       ;
+-------------------+--------+---------------------+
; clock             ; -3.000 ; -254.436            ;
; debounce:key0|alt ; -1.000 ; -2.000              ;
; debounce:key1|alt ; -1.000 ; -2.000              ;
; debounce:key2|alt ; -1.000 ; -2.000              ;
; debounce:key3|alt ; -1.000 ; -2.000              ;
+-------------------+--------+---------------------+


+-----------------------------------------------------------------------------------------------------------------------------------------------------------------------------------------------------------------------------------+
; Fast 1200mV 0C Model Setup: 'clock'                                                                                                                                                                                               ;
+--------+-----------------------------------------------------------------------------------------------------------------------+----------------------------+--------------+-------------+--------------+------------+------------+
; Slack  ; From Node                                                                                                             ; To Node                    ; Launch Clock ; Latch Clock ; Relationship ; Clock Skew ; Data Delay ;
+--------+-----------------------------------------------------------------------------------------------------------------------+----------------------------+--------------+-------------+--------------+------------+------------+
; -2.299 ; FSM:game_fsm|lpm_ram_dq:ram|altram:sram|altsyncram:ram_block|altsyncram_6n71:auto_generated|ram_block1a0~porta_we_reg ; FSM:game_fsm|START_GAME    ; clock        ; clock       ; 1.000        ; -0.035     ; 3.251      ;
; -2.295 ; FSM:game_fsm|delay[13]                                                                                                ; FSM:game_fsm|delay[16]     ; clock        ; clock       ; 1.000        ; -0.243     ; 3.039      ;
; -2.295 ; FSM:game_fsm|delay[13]                                                                                                ; FSM:game_fsm|delay[17]     ; clock        ; clock       ; 1.000        ; -0.243     ; 3.039      ;
; -2.295 ; FSM:game_fsm|delay[13]                                                                                                ; FSM:game_fsm|delay[22]     ; clock        ; clock       ; 1.000        ; -0.243     ; 3.039      ;
; -2.295 ; FSM:game_fsm|delay[13]                                                                                                ; FSM:game_fsm|delay[23]     ; clock        ; clock       ; 1.000        ; -0.243     ; 3.039      ;
; -2.295 ; FSM:game_fsm|delay[13]                                                                                                ; FSM:game_fsm|delay[21]     ; clock        ; clock       ; 1.000        ; -0.243     ; 3.039      ;
; -2.295 ; FSM:game_fsm|delay[13]                                                                                                ; FSM:game_fsm|delay[19]     ; clock        ; clock       ; 1.000        ; -0.243     ; 3.039      ;
; -2.295 ; FSM:game_fsm|delay[13]                                                                                                ; FSM:game_fsm|delay[18]     ; clock        ; clock       ; 1.000        ; -0.243     ; 3.039      ;
; -2.230 ; FSM:game_fsm|delay[20]                                                                                                ; FSM:game_fsm|delay[16]     ; clock        ; clock       ; 1.000        ; -0.235     ; 2.982      ;
; -2.230 ; FSM:game_fsm|delay[20]                                                                                                ; FSM:game_fsm|delay[17]     ; clock        ; clock       ; 1.000        ; -0.235     ; 2.982      ;
; -2.230 ; FSM:game_fsm|delay[20]                                                                                                ; FSM:game_fsm|delay[22]     ; clock        ; clock       ; 1.000        ; -0.235     ; 2.982      ;
; -2.230 ; FSM:game_fsm|delay[20]                                                                                                ; FSM:game_fsm|delay[23]     ; clock        ; clock       ; 1.000        ; -0.235     ; 2.982      ;
; -2.230 ; FSM:game_fsm|delay[20]                                                                                                ; FSM:game_fsm|delay[21]     ; clock        ; clock       ; 1.000        ; -0.235     ; 2.982      ;
; -2.230 ; FSM:game_fsm|delay[20]                                                                                                ; FSM:game_fsm|delay[19]     ; clock        ; clock       ; 1.000        ; -0.235     ; 2.982      ;
; -2.230 ; FSM:game_fsm|delay[20]                                                                                                ; FSM:game_fsm|delay[18]     ; clock        ; clock       ; 1.000        ; -0.235     ; 2.982      ;
; -2.192 ; FSM:game_fsm|lpm_ram_dq:ram|altram:sram|altsyncram:ram_block|altsyncram_6n71:auto_generated|ram_block1a0~porta_we_reg ; FSM:game_fsm|PLAYER_LOSE   ; clock        ; clock       ; 1.000        ; -0.213     ; 2.966      ;
; -2.167 ; FSM:game_fsm|delay[13]                                                                                                ; FSM:game_fsm|delay[9]      ; clock        ; clock       ; 1.000        ; -0.236     ; 2.918      ;
; -2.167 ; FSM:game_fsm|delay[13]                                                                                                ; FSM:game_fsm|delay[10]     ; clock        ; clock       ; 1.000        ; -0.236     ; 2.918      ;
; -2.167 ; FSM:game_fsm|delay[13]                                                                                                ; FSM:game_fsm|delay[12]     ; clock        ; clock       ; 1.000        ; -0.236     ; 2.918      ;
; -2.167 ; FSM:game_fsm|delay[13]                                                                                                ; FSM:game_fsm|delay[14]     ; clock        ; clock       ; 1.000        ; -0.236     ; 2.918      ;
; -2.167 ; FSM:game_fsm|delay[13]                                                                                                ; FSM:game_fsm|delay[15]     ; clock        ; clock       ; 1.000        ; -0.236     ; 2.918      ;
; -2.132 ; FSM:game_fsm|lpm_ram_dq:ram|altram:sram|altsyncram:ram_block|altsyncram_6n71:auto_generated|ram_block1a0~porta_we_reg ; FSM:game_fsm|score[1]      ; clock        ; clock       ; 1.000        ; -0.022     ; 3.097      ;
; -2.132 ; FSM:game_fsm|delay[14]                                                                                                ; FSM:game_fsm|delay[16]     ; clock        ; clock       ; 1.000        ; -0.043     ; 3.076      ;
; -2.132 ; FSM:game_fsm|delay[14]                                                                                                ; FSM:game_fsm|delay[17]     ; clock        ; clock       ; 1.000        ; -0.043     ; 3.076      ;
; -2.132 ; FSM:game_fsm|delay[14]                                                                                                ; FSM:game_fsm|delay[22]     ; clock        ; clock       ; 1.000        ; -0.043     ; 3.076      ;
; -2.132 ; FSM:game_fsm|delay[14]                                                                                                ; FSM:game_fsm|delay[23]     ; clock        ; clock       ; 1.000        ; -0.043     ; 3.076      ;
; -2.132 ; FSM:game_fsm|delay[14]                                                                                                ; FSM:game_fsm|delay[21]     ; clock        ; clock       ; 1.000        ; -0.043     ; 3.076      ;
; -2.132 ; FSM:game_fsm|delay[14]                                                                                                ; FSM:game_fsm|delay[19]     ; clock        ; clock       ; 1.000        ; -0.043     ; 3.076      ;
; -2.132 ; FSM:game_fsm|delay[14]                                                                                                ; FSM:game_fsm|delay[18]     ; clock        ; clock       ; 1.000        ; -0.043     ; 3.076      ;
; -2.131 ; FSM:game_fsm|lpm_ram_dq:ram|altram:sram|altsyncram:ram_block|altsyncram_6n71:auto_generated|ram_block1a0~porta_we_reg ; FSM:game_fsm|game_round[1] ; clock        ; clock       ; 1.000        ; -0.021     ; 3.097      ;
; -2.131 ; FSM:game_fsm|lpm_ram_dq:ram|altram:sram|altsyncram:ram_block|altsyncram_6n71:auto_generated|ram_block1a0~porta_we_reg ; FSM:game_fsm|score[0]      ; clock        ; clock       ; 1.000        ; -0.021     ; 3.097      ;
; -2.131 ; FSM:game_fsm|lpm_ram_dq:ram|altram:sram|altsyncram:ram_block|altsyncram_6n71:auto_generated|ram_block1a0~porta_we_reg ; FSM:game_fsm|score[4]      ; clock        ; clock       ; 1.000        ; -0.022     ; 3.096      ;
; -2.130 ; FSM:game_fsm|lpm_ram_dq:ram|altram:sram|altsyncram:ram_block|altsyncram_6n71:auto_generated|ram_block1a0~porta_we_reg ; FSM:game_fsm|game_round[3] ; clock        ; clock       ; 1.000        ; -0.021     ; 3.096      ;
; -2.125 ; FSM:game_fsm|lpm_ram_dq:ram|altram:sram|altsyncram:ram_block|altsyncram_6n71:auto_generated|ram_block1a0~porta_we_reg ; FSM:game_fsm|score[2]      ; clock        ; clock       ; 1.000        ; -0.022     ; 3.090      ;
; -2.125 ; FSM:game_fsm|lpm_ram_dq:ram|altram:sram|altsyncram:ram_block|altsyncram_6n71:auto_generated|ram_block1a0~porta_we_reg ; FSM:game_fsm|score[3]      ; clock        ; clock       ; 1.000        ; -0.022     ; 3.090      ;
; -2.107 ; FSM:game_fsm|delay[15]                                                                                                ; FSM:game_fsm|delay[16]     ; clock        ; clock       ; 1.000        ; -0.043     ; 3.051      ;
; -2.107 ; FSM:game_fsm|delay[15]                                                                                                ; FSM:game_fsm|delay[17]     ; clock        ; clock       ; 1.000        ; -0.043     ; 3.051      ;
; -2.107 ; FSM:game_fsm|delay[15]                                                                                                ; FSM:game_fsm|delay[22]     ; clock        ; clock       ; 1.000        ; -0.043     ; 3.051      ;
; -2.107 ; FSM:game_fsm|delay[15]                                                                                                ; FSM:game_fsm|delay[23]     ; clock        ; clock       ; 1.000        ; -0.043     ; 3.051      ;
; -2.107 ; FSM:game_fsm|delay[15]                                                                                                ; FSM:game_fsm|delay[21]     ; clock        ; clock       ; 1.000        ; -0.043     ; 3.051      ;
; -2.107 ; FSM:game_fsm|delay[15]                                                                                                ; FSM:game_fsm|delay[19]     ; clock        ; clock       ; 1.000        ; -0.043     ; 3.051      ;
; -2.107 ; FSM:game_fsm|delay[15]                                                                                                ; FSM:game_fsm|delay[18]     ; clock        ; clock       ; 1.000        ; -0.043     ; 3.051      ;
; -2.105 ; FSM:game_fsm|delay[16]                                                                                                ; FSM:game_fsm|delay[16]     ; clock        ; clock       ; 1.000        ; -0.036     ; 3.056      ;
; -2.105 ; FSM:game_fsm|delay[16]                                                                                                ; FSM:game_fsm|delay[17]     ; clock        ; clock       ; 1.000        ; -0.036     ; 3.056      ;
; -2.105 ; FSM:game_fsm|delay[16]                                                                                                ; FSM:game_fsm|delay[22]     ; clock        ; clock       ; 1.000        ; -0.036     ; 3.056      ;
; -2.105 ; FSM:game_fsm|delay[16]                                                                                                ; FSM:game_fsm|delay[23]     ; clock        ; clock       ; 1.000        ; -0.036     ; 3.056      ;
; -2.105 ; FSM:game_fsm|delay[16]                                                                                                ; FSM:game_fsm|delay[21]     ; clock        ; clock       ; 1.000        ; -0.036     ; 3.056      ;
; -2.105 ; FSM:game_fsm|delay[16]                                                                                                ; FSM:game_fsm|delay[19]     ; clock        ; clock       ; 1.000        ; -0.036     ; 3.056      ;
; -2.105 ; FSM:game_fsm|delay[16]                                                                                                ; FSM:game_fsm|delay[18]     ; clock        ; clock       ; 1.000        ; -0.036     ; 3.056      ;
; -2.104 ; FSM:game_fsm|delay[13]                                                                                                ; FSM:game_fsm|delay[29]     ; clock        ; clock       ; 1.000        ; -0.052     ; 3.039      ;
; -2.104 ; FSM:game_fsm|delay[13]                                                                                                ; FSM:game_fsm|delay[26]     ; clock        ; clock       ; 1.000        ; -0.052     ; 3.039      ;
; -2.104 ; FSM:game_fsm|delay[13]                                                                                                ; FSM:game_fsm|delay[20]     ; clock        ; clock       ; 1.000        ; -0.052     ; 3.039      ;
; -2.104 ; FSM:game_fsm|delay[13]                                                                                                ; FSM:game_fsm|delay[31]     ; clock        ; clock       ; 1.000        ; -0.052     ; 3.039      ;
; -2.104 ; FSM:game_fsm|delay[13]                                                                                                ; FSM:game_fsm|delay[27]     ; clock        ; clock       ; 1.000        ; -0.052     ; 3.039      ;
; -2.104 ; FSM:game_fsm|delay[13]                                                                                                ; FSM:game_fsm|delay[28]     ; clock        ; clock       ; 1.000        ; -0.052     ; 3.039      ;
; -2.104 ; FSM:game_fsm|delay[13]                                                                                                ; FSM:game_fsm|delay[30]     ; clock        ; clock       ; 1.000        ; -0.052     ; 3.039      ;
; -2.104 ; FSM:game_fsm|delay[13]                                                                                                ; FSM:game_fsm|delay[24]     ; clock        ; clock       ; 1.000        ; -0.052     ; 3.039      ;
; -2.104 ; FSM:game_fsm|delay[13]                                                                                                ; FSM:game_fsm|delay[25]     ; clock        ; clock       ; 1.000        ; -0.052     ; 3.039      ;
; -2.102 ; FSM:game_fsm|delay[20]                                                                                                ; FSM:game_fsm|delay[9]      ; clock        ; clock       ; 1.000        ; -0.228     ; 2.861      ;
; -2.102 ; FSM:game_fsm|delay[20]                                                                                                ; FSM:game_fsm|delay[10]     ; clock        ; clock       ; 1.000        ; -0.228     ; 2.861      ;
; -2.102 ; FSM:game_fsm|delay[20]                                                                                                ; FSM:game_fsm|delay[12]     ; clock        ; clock       ; 1.000        ; -0.228     ; 2.861      ;
; -2.102 ; FSM:game_fsm|delay[20]                                                                                                ; FSM:game_fsm|delay[14]     ; clock        ; clock       ; 1.000        ; -0.228     ; 2.861      ;
; -2.102 ; FSM:game_fsm|delay[20]                                                                                                ; FSM:game_fsm|delay[15]     ; clock        ; clock       ; 1.000        ; -0.228     ; 2.861      ;
; -2.083 ; FSM:game_fsm|delay[21]                                                                                                ; FSM:game_fsm|delay[16]     ; clock        ; clock       ; 1.000        ; -0.036     ; 3.034      ;
; -2.083 ; FSM:game_fsm|delay[21]                                                                                                ; FSM:game_fsm|delay[17]     ; clock        ; clock       ; 1.000        ; -0.036     ; 3.034      ;
; -2.083 ; FSM:game_fsm|delay[21]                                                                                                ; FSM:game_fsm|delay[22]     ; clock        ; clock       ; 1.000        ; -0.036     ; 3.034      ;
; -2.083 ; FSM:game_fsm|delay[21]                                                                                                ; FSM:game_fsm|delay[23]     ; clock        ; clock       ; 1.000        ; -0.036     ; 3.034      ;
; -2.083 ; FSM:game_fsm|delay[21]                                                                                                ; FSM:game_fsm|delay[21]     ; clock        ; clock       ; 1.000        ; -0.036     ; 3.034      ;
; -2.083 ; FSM:game_fsm|delay[21]                                                                                                ; FSM:game_fsm|delay[19]     ; clock        ; clock       ; 1.000        ; -0.036     ; 3.034      ;
; -2.083 ; FSM:game_fsm|delay[21]                                                                                                ; FSM:game_fsm|delay[18]     ; clock        ; clock       ; 1.000        ; -0.036     ; 3.034      ;
; -2.079 ; FSM:game_fsm|delay[23]                                                                                                ; FSM:game_fsm|delay[16]     ; clock        ; clock       ; 1.000        ; -0.036     ; 3.030      ;
; -2.079 ; FSM:game_fsm|delay[23]                                                                                                ; FSM:game_fsm|delay[17]     ; clock        ; clock       ; 1.000        ; -0.036     ; 3.030      ;
; -2.079 ; FSM:game_fsm|delay[23]                                                                                                ; FSM:game_fsm|delay[22]     ; clock        ; clock       ; 1.000        ; -0.036     ; 3.030      ;
; -2.079 ; FSM:game_fsm|delay[23]                                                                                                ; FSM:game_fsm|delay[23]     ; clock        ; clock       ; 1.000        ; -0.036     ; 3.030      ;
; -2.079 ; FSM:game_fsm|delay[23]                                                                                                ; FSM:game_fsm|delay[21]     ; clock        ; clock       ; 1.000        ; -0.036     ; 3.030      ;
; -2.079 ; FSM:game_fsm|delay[23]                                                                                                ; FSM:game_fsm|delay[19]     ; clock        ; clock       ; 1.000        ; -0.036     ; 3.030      ;
; -2.079 ; FSM:game_fsm|delay[23]                                                                                                ; FSM:game_fsm|delay[18]     ; clock        ; clock       ; 1.000        ; -0.036     ; 3.030      ;
; -2.074 ; FSM:game_fsm|delay[8]                                                                                                 ; FSM:game_fsm|delay[16]     ; clock        ; clock       ; 1.000        ; -0.243     ; 2.818      ;
; -2.074 ; FSM:game_fsm|delay[8]                                                                                                 ; FSM:game_fsm|delay[17]     ; clock        ; clock       ; 1.000        ; -0.243     ; 2.818      ;
; -2.074 ; FSM:game_fsm|delay[8]                                                                                                 ; FSM:game_fsm|delay[22]     ; clock        ; clock       ; 1.000        ; -0.243     ; 2.818      ;
; -2.074 ; FSM:game_fsm|delay[8]                                                                                                 ; FSM:game_fsm|delay[23]     ; clock        ; clock       ; 1.000        ; -0.243     ; 2.818      ;
; -2.074 ; FSM:game_fsm|delay[8]                                                                                                 ; FSM:game_fsm|delay[21]     ; clock        ; clock       ; 1.000        ; -0.243     ; 2.818      ;
; -2.074 ; FSM:game_fsm|delay[8]                                                                                                 ; FSM:game_fsm|delay[19]     ; clock        ; clock       ; 1.000        ; -0.243     ; 2.818      ;
; -2.074 ; FSM:game_fsm|delay[8]                                                                                                 ; FSM:game_fsm|delay[18]     ; clock        ; clock       ; 1.000        ; -0.243     ; 2.818      ;
; -2.040 ; FSM:game_fsm|delay[10]                                                                                                ; FSM:game_fsm|delay[16]     ; clock        ; clock       ; 1.000        ; -0.043     ; 2.984      ;
; -2.040 ; FSM:game_fsm|delay[10]                                                                                                ; FSM:game_fsm|delay[17]     ; clock        ; clock       ; 1.000        ; -0.043     ; 2.984      ;
; -2.040 ; FSM:game_fsm|delay[10]                                                                                                ; FSM:game_fsm|delay[22]     ; clock        ; clock       ; 1.000        ; -0.043     ; 2.984      ;
; -2.040 ; FSM:game_fsm|delay[10]                                                                                                ; FSM:game_fsm|delay[23]     ; clock        ; clock       ; 1.000        ; -0.043     ; 2.984      ;
; -2.040 ; FSM:game_fsm|delay[10]                                                                                                ; FSM:game_fsm|delay[21]     ; clock        ; clock       ; 1.000        ; -0.043     ; 2.984      ;
; -2.040 ; FSM:game_fsm|delay[10]                                                                                                ; FSM:game_fsm|delay[19]     ; clock        ; clock       ; 1.000        ; -0.043     ; 2.984      ;
; -2.040 ; FSM:game_fsm|delay[10]                                                                                                ; FSM:game_fsm|delay[18]     ; clock        ; clock       ; 1.000        ; -0.043     ; 2.984      ;
; -2.039 ; FSM:game_fsm|delay[20]                                                                                                ; FSM:game_fsm|delay[29]     ; clock        ; clock       ; 1.000        ; -0.044     ; 2.982      ;
; -2.039 ; FSM:game_fsm|delay[20]                                                                                                ; FSM:game_fsm|delay[26]     ; clock        ; clock       ; 1.000        ; -0.044     ; 2.982      ;
; -2.039 ; FSM:game_fsm|delay[20]                                                                                                ; FSM:game_fsm|delay[20]     ; clock        ; clock       ; 1.000        ; -0.044     ; 2.982      ;
; -2.039 ; FSM:game_fsm|delay[20]                                                                                                ; FSM:game_fsm|delay[31]     ; clock        ; clock       ; 1.000        ; -0.044     ; 2.982      ;
; -2.039 ; FSM:game_fsm|delay[20]                                                                                                ; FSM:game_fsm|delay[27]     ; clock        ; clock       ; 1.000        ; -0.044     ; 2.982      ;
; -2.039 ; FSM:game_fsm|delay[20]                                                                                                ; FSM:game_fsm|delay[28]     ; clock        ; clock       ; 1.000        ; -0.044     ; 2.982      ;
; -2.039 ; FSM:game_fsm|delay[20]                                                                                                ; FSM:game_fsm|delay[30]     ; clock        ; clock       ; 1.000        ; -0.044     ; 2.982      ;
; -2.039 ; FSM:game_fsm|delay[20]                                                                                                ; FSM:game_fsm|delay[24]     ; clock        ; clock       ; 1.000        ; -0.044     ; 2.982      ;
; -2.039 ; FSM:game_fsm|delay[20]                                                                                                ; FSM:game_fsm|delay[25]     ; clock        ; clock       ; 1.000        ; -0.044     ; 2.982      ;
+--------+-----------------------------------------------------------------------------------------------------------------------+----------------------------+--------------+-------------+--------------+------------+------------+


+----------------------------------------------------------------------------------------------------------------------------------+
; Fast 1200mV 0C Model Setup: 'debounce:key1|alt'                                                                                  ;
+-------+--------------------+--------------------+-------------------+-------------------+--------------+------------+------------+
; Slack ; From Node          ; To Node            ; Launch Clock      ; Latch Clock       ; Relationship ; Clock Skew ; Data Delay ;
+-------+--------------------+--------------------+-------------------+-------------------+--------------+------------+------------+
; 0.499 ; debounce:key1|dff1 ; debounce:key1|dff2 ; debounce:key1|alt ; debounce:key1|alt ; 1.000        ; -0.036     ; 0.452      ;
+-------+--------------------+--------------------+-------------------+-------------------+--------------+------------+------------+


+----------------------------------------------------------------------------------------------------------------------------------+
; Fast 1200mV 0C Model Setup: 'debounce:key0|alt'                                                                                  ;
+-------+--------------------+--------------------+-------------------+-------------------+--------------+------------+------------+
; Slack ; From Node          ; To Node            ; Launch Clock      ; Latch Clock       ; Relationship ; Clock Skew ; Data Delay ;
+-------+--------------------+--------------------+-------------------+-------------------+--------------+------------+------------+
; 0.559 ; debounce:key0|dff1 ; debounce:key0|dff2 ; debounce:key0|alt ; debounce:key0|alt ; 1.000        ; -0.036     ; 0.392      ;
+-------+--------------------+--------------------+-------------------+-------------------+--------------+------------+------------+


+----------------------------------------------------------------------------------------------------------------------------------+
; Fast 1200mV 0C Model Setup: 'debounce:key2|alt'                                                                                  ;
+-------+--------------------+--------------------+-------------------+-------------------+--------------+------------+------------+
; Slack ; From Node          ; To Node            ; Launch Clock      ; Latch Clock       ; Relationship ; Clock Skew ; Data Delay ;
+-------+--------------------+--------------------+-------------------+-------------------+--------------+------------+------------+
; 0.564 ; debounce:key2|dff1 ; debounce:key2|dff2 ; debounce:key2|alt ; debounce:key2|alt ; 1.000        ; -0.036     ; 0.387      ;
+-------+--------------------+--------------------+-------------------+-------------------+--------------+------------+------------+


+----------------------------------------------------------------------------------------------------------------------------------+
; Fast 1200mV 0C Model Setup: 'debounce:key3|alt'                                                                                  ;
+-------+--------------------+--------------------+-------------------+-------------------+--------------+------------+------------+
; Slack ; From Node          ; To Node            ; Launch Clock      ; Latch Clock       ; Relationship ; Clock Skew ; Data Delay ;
+-------+--------------------+--------------------+-------------------+-------------------+--------------+------------+------------+
; 0.564 ; debounce:key3|dff1 ; debounce:key3|dff2 ; debounce:key3|alt ; debounce:key3|alt ; 1.000        ; -0.036     ; 0.387      ;
+-------+--------------------+--------------------+-------------------+-------------------+--------------+------------+------------+


+----------------------------------------------------------------------------------------------------------------------------------------------+
; Fast 1200mV 0C Model Hold: 'clock'                                                                                                           ;
+-------+-----------------------------+-----------------------------+-------------------+-------------+--------------+------------+------------+
; Slack ; From Node                   ; To Node                     ; Launch Clock      ; Latch Clock ; Relationship ; Clock Skew ; Data Delay ;
+-------+-----------------------------+-----------------------------+-------------------+-------------+--------------+------------+------------+
; 0.145 ; debounce:key2|alt           ; debounce:key2|alt           ; debounce:key2|alt ; clock       ; 0.000        ; 1.200      ; 1.564      ;
; 0.160 ; debounce:key1|alt           ; debounce:key1|alt           ; debounce:key1|alt ; clock       ; 0.000        ; 1.200      ; 1.579      ;
; 0.178 ; FSM:game_fsm|score[4]       ; FSM:game_fsm|score[4]       ; clock             ; clock       ; 0.000        ; 0.045      ; 0.307      ;
; 0.178 ; FSM:game_fsm|score[3]       ; FSM:game_fsm|score[3]       ; clock             ; clock       ; 0.000        ; 0.045      ; 0.307      ;
; 0.178 ; FSM:game_fsm|score[2]       ; FSM:game_fsm|score[2]       ; clock             ; clock       ; 0.000        ; 0.045      ; 0.307      ;
; 0.178 ; FSM:game_fsm|score[1]       ; FSM:game_fsm|score[1]       ; clock             ; clock       ; 0.000        ; 0.045      ; 0.307      ;
; 0.178 ; FSM:game_fsm|PLAYER_WIN     ; FSM:game_fsm|PLAYER_WIN     ; clock             ; clock       ; 0.000        ; 0.045      ; 0.307      ;
; 0.178 ; FSM:game_fsm|read_ptr[4]    ; FSM:game_fsm|read_ptr[4]    ; clock             ; clock       ; 0.000        ; 0.045      ; 0.307      ;
; 0.178 ; FSM:game_fsm|read_ptr[0]    ; FSM:game_fsm|read_ptr[0]    ; clock             ; clock       ; 0.000        ; 0.045      ; 0.307      ;
; 0.178 ; FSM:game_fsm|read_ptr[1]    ; FSM:game_fsm|read_ptr[1]    ; clock             ; clock       ; 0.000        ; 0.045      ; 0.307      ;
; 0.178 ; FSM:game_fsm|read_ptr[2]    ; FSM:game_fsm|read_ptr[2]    ; clock             ; clock       ; 0.000        ; 0.045      ; 0.307      ;
; 0.178 ; FSM:game_fsm|read_ptr[3]    ; FSM:game_fsm|read_ptr[3]    ; clock             ; clock       ; 0.000        ; 0.045      ; 0.307      ;
; 0.178 ; FSM:game_fsm|game_round[2]  ; FSM:game_fsm|game_round[2]  ; clock             ; clock       ; 0.000        ; 0.045      ; 0.307      ;
; 0.179 ; FSM:game_fsm|score[0]       ; FSM:game_fsm|score[0]       ; clock             ; clock       ; 0.000        ; 0.044      ; 0.307      ;
; 0.179 ; FSM:game_fsm|game_round[3]  ; FSM:game_fsm|game_round[3]  ; clock             ; clock       ; 0.000        ; 0.044      ; 0.307      ;
; 0.179 ; FSM:game_fsm|game_round[1]  ; FSM:game_fsm|game_round[1]  ; clock             ; clock       ; 0.000        ; 0.044      ; 0.307      ;
; 0.185 ; beep:b|cnt6[0]              ; beep:b|cnt6[0]              ; clock             ; clock       ; 0.000        ; 0.045      ; 0.314      ;
; 0.185 ; FSM:game_fsm|delay[0]       ; FSM:game_fsm|delay[0]       ; clock             ; clock       ; 0.000        ; 0.045      ; 0.314      ;
; 0.186 ; FSM:game_fsm|record[2]      ; FSM:game_fsm|record[2]      ; clock             ; clock       ; 0.000        ; 0.037      ; 0.307      ;
; 0.186 ; FSM:game_fsm|record[0]      ; FSM:game_fsm|record[0]      ; clock             ; clock       ; 0.000        ; 0.037      ; 0.307      ;
; 0.186 ; FSM:game_fsm|record[1]      ; FSM:game_fsm|record[1]      ; clock             ; clock       ; 0.000        ; 0.037      ; 0.307      ;
; 0.186 ; FSM:game_fsm|record[3]      ; FSM:game_fsm|record[3]      ; clock             ; clock       ; 0.000        ; 0.037      ; 0.307      ;
; 0.186 ; FSM:game_fsm|record[4]      ; FSM:game_fsm|record[4]      ; clock             ; clock       ; 0.000        ; 0.037      ; 0.307      ;
; 0.186 ; beep:b|alt3                 ; beep:b|alt3                 ; clock             ; clock       ; 0.000        ; 0.037      ; 0.307      ;
; 0.186 ; sevenseg:display|refresh[0] ; sevenseg:display|refresh[0] ; clock             ; clock       ; 0.000        ; 0.044      ; 0.314      ;
; 0.186 ; FSM:game_fsm|SHOW_SEQUENCE  ; FSM:game_fsm|SHOW_SEQUENCE  ; clock             ; clock       ; 0.000        ; 0.037      ; 0.307      ;
; 0.186 ; FSM:game_fsm|show_ptr[0]    ; FSM:game_fsm|show_ptr[0]    ; clock             ; clock       ; 0.000        ; 0.037      ; 0.307      ;
; 0.186 ; FSM:game_fsm|show_ptr[1]    ; FSM:game_fsm|show_ptr[1]    ; clock             ; clock       ; 0.000        ; 0.037      ; 0.307      ;
; 0.186 ; FSM:game_fsm|show_ptr[2]    ; FSM:game_fsm|show_ptr[2]    ; clock             ; clock       ; 0.000        ; 0.037      ; 0.307      ;
; 0.186 ; FSM:game_fsm|show_ptr[4]    ; FSM:game_fsm|show_ptr[4]    ; clock             ; clock       ; 0.000        ; 0.037      ; 0.307      ;
; 0.186 ; FSM:game_fsm|show_ptr[3]    ; FSM:game_fsm|show_ptr[3]    ; clock             ; clock       ; 0.000        ; 0.037      ; 0.307      ;
; 0.186 ; PRNG:rng|xn[3]              ; PRNG:rng|xn[3]              ; clock             ; clock       ; 0.000        ; 0.037      ; 0.307      ;
; 0.186 ; PRNG:rng|xn[4]              ; PRNG:rng|xn[4]              ; clock             ; clock       ; 0.000        ; 0.037      ; 0.307      ;
; 0.186 ; PRNG:rng|xn[5]              ; PRNG:rng|xn[5]              ; clock             ; clock       ; 0.000        ; 0.037      ; 0.307      ;
; 0.186 ; PRNG:rng|xn[6]              ; PRNG:rng|xn[6]              ; clock             ; clock       ; 0.000        ; 0.037      ; 0.307      ;
; 0.186 ; PRNG:rng|xn[7]              ; PRNG:rng|xn[7]              ; clock             ; clock       ; 0.000        ; 0.037      ; 0.307      ;
; 0.186 ; PRNG:rng|seed4[3]           ; PRNG:rng|seed4[3]           ; clock             ; clock       ; 0.000        ; 0.037      ; 0.307      ;
; 0.186 ; PRNG:rng|seed4[2]           ; PRNG:rng|seed4[2]           ; clock             ; clock       ; 0.000        ; 0.037      ; 0.307      ;
; 0.186 ; PRNG:rng|seed4[1]           ; PRNG:rng|seed4[1]           ; clock             ; clock       ; 0.000        ; 0.037      ; 0.307      ;
; 0.186 ; debounce:key3|alt           ; debounce:key3|alt           ; debounce:key3|alt ; clock       ; 0.000        ; 1.200      ; 1.605      ;
; 0.187 ; beep:b|alt1                 ; beep:b|alt1                 ; clock             ; clock       ; 0.000        ; 0.036      ; 0.307      ;
; 0.187 ; beep:b|alt4                 ; beep:b|alt4                 ; clock             ; clock       ; 0.000        ; 0.036      ; 0.307      ;
; 0.187 ; beep:b|alt2                 ; beep:b|alt2                 ; clock             ; clock       ; 0.000        ; 0.036      ; 0.307      ;
; 0.187 ; beep:b|alt5                 ; beep:b|alt5                 ; clock             ; clock       ; 0.000        ; 0.036      ; 0.307      ;
; 0.187 ; beep:b|alt6                 ; beep:b|alt6                 ; clock             ; clock       ; 0.000        ; 0.036      ; 0.307      ;
; 0.187 ; FSM:game_fsm|PLAYER_LOSE    ; FSM:game_fsm|PLAYER_LOSE    ; clock             ; clock       ; 0.000        ; 0.036      ; 0.307      ;
; 0.187 ; FSM:game_fsm|game_round[4]  ; FSM:game_fsm|game_round[4]  ; clock             ; clock       ; 0.000        ; 0.036      ; 0.307      ;
; 0.187 ; FSM:game_fsm|game_round[0]  ; FSM:game_fsm|game_round[0]  ; clock             ; clock       ; 0.000        ; 0.036      ; 0.307      ;
; 0.187 ; PRNG:rng|xn[1]              ; PRNG:rng|xn[1]              ; clock             ; clock       ; 0.000        ; 0.036      ; 0.307      ;
; 0.187 ; PRNG:rng|xn[2]              ; PRNG:rng|xn[2]              ; clock             ; clock       ; 0.000        ; 0.036      ; 0.307      ;
; 0.187 ; PRNG:rng|xn[0]              ; PRNG:rng|xn[0]              ; clock             ; clock       ; 0.000        ; 0.036      ; 0.307      ;
; 0.193 ; beep:b|cnt3[0]              ; beep:b|cnt3[0]              ; clock             ; clock       ; 0.000        ; 0.037      ; 0.314      ;
; 0.193 ; PRNG:rng|seed4[0]           ; PRNG:rng|seed4[0]           ; clock             ; clock       ; 0.000        ; 0.037      ; 0.314      ;
; 0.193 ; debounce:key0|cnt[0]        ; debounce:key0|cnt[0]        ; clock             ; clock       ; 0.000        ; 0.037      ; 0.314      ;
; 0.194 ; beep:b|cnt1[0]              ; beep:b|cnt1[0]              ; clock             ; clock       ; 0.000        ; 0.036      ; 0.314      ;
; 0.194 ; beep:b|cnt4[0]              ; beep:b|cnt4[0]              ; clock             ; clock       ; 0.000        ; 0.036      ; 0.314      ;
; 0.194 ; beep:b|cnt2[0]              ; beep:b|cnt2[0]              ; clock             ; clock       ; 0.000        ; 0.036      ; 0.314      ;
; 0.194 ; beep:b|cnt5[0]              ; beep:b|cnt5[0]              ; clock             ; clock       ; 0.000        ; 0.036      ; 0.314      ;
; 0.197 ; beep:b|cnt4[15]             ; beep:b|cnt4[15]             ; clock             ; clock       ; 0.000        ; 0.037      ; 0.318      ;
; 0.204 ; debounce:key0|cnt[19]       ; debounce:key0|cnt[19]       ; clock             ; clock       ; 0.000        ; 0.037      ; 0.325      ;
; 0.204 ; beep:b|cnt5[15]             ; beep:b|cnt5[15]             ; clock             ; clock       ; 0.000        ; 0.036      ; 0.324      ;
; 0.204 ; beep:b|cnt6[17]             ; beep:b|cnt6[17]             ; clock             ; clock       ; 0.000        ; 0.037      ; 0.325      ;
; 0.206 ; PRNG:rng|yn[4]              ; PRNG:rng|yn[3]              ; clock             ; clock       ; 0.000        ; 0.037      ; 0.327      ;
; 0.211 ; PRNG:rng|seed4[0]           ; PRNG:rng|seed4[1]           ; clock             ; clock       ; 0.000        ; 0.037      ; 0.332      ;
; 0.212 ; PRNG:rng|seed4[0]           ; PRNG:rng|seed4[3]           ; clock             ; clock       ; 0.000        ; 0.037      ; 0.333      ;
; 0.213 ; PRNG:rng|yn[1]              ; PRNG:rng|yn[0]              ; clock             ; clock       ; 0.000        ; 0.036      ; 0.333      ;
; 0.213 ; PRNG:rng|seed4[0]           ; PRNG:rng|seed4[2]           ; clock             ; clock       ; 0.000        ; 0.037      ; 0.334      ;
; 0.220 ; debounce:key0|alt           ; debounce:key0|alt           ; debounce:key0|alt ; clock       ; 0.000        ; 1.199      ; 1.638      ;
; 0.255 ; FSM:game_fsm|delay[10]      ; FSM:game_fsm|delay[11]      ; clock             ; clock       ; 0.000        ; 0.236      ; 0.575      ;
; 0.255 ; FSM:game_fsm|delay[12]      ; FSM:game_fsm|delay[13]      ; clock             ; clock       ; 0.000        ; 0.236      ; 0.575      ;
; 0.260 ; PRNG:rng|xn[5]              ; PRNG:rng|yn[5]              ; clock             ; clock       ; 0.000        ; 0.037      ; 0.381      ;
; 0.265 ; FSM:game_fsm|delay[19]      ; FSM:game_fsm|delay[20]      ; clock             ; clock       ; 0.000        ; 0.235      ; 0.584      ;
; 0.265 ; PRNG:rng|xn[2]              ; PRNG:rng|yn[2]              ; clock             ; clock       ; 0.000        ; 0.036      ; 0.385      ;
; 0.266 ; FSM:game_fsm|delay[23]      ; FSM:game_fsm|delay[24]      ; clock             ; clock       ; 0.000        ; 0.235      ; 0.585      ;
; 0.266 ; PRNG:rng|xn[3]              ; PRNG:rng|yn[4]              ; clock             ; clock       ; 0.000        ; 0.037      ; 0.387      ;
; 0.267 ; PRNG:rng|xn[4]              ; PRNG:rng|yn[5]              ; clock             ; clock       ; 0.000        ; 0.037      ; 0.388      ;
; 0.268 ; PRNG:rng|seed4[3]           ; PRNG:rng|xn[7]              ; clock             ; clock       ; 0.000        ; 0.037      ; 0.389      ;
; 0.268 ; PRNG:rng|xn[6]              ; PRNG:rng|yn[6]              ; clock             ; clock       ; 0.000        ; 0.037      ; 0.389      ;
; 0.268 ; PRNG:rng|xn[4]              ; PRNG:rng|xn[5]              ; clock             ; clock       ; 0.000        ; 0.037      ; 0.389      ;
; 0.269 ; FSM:game_fsm|delay[23]      ; FSM:game_fsm|delay[25]      ; clock             ; clock       ; 0.000        ; 0.235      ; 0.588      ;
; 0.269 ; PRNG:rng|xn[3]              ; PRNG:rng|yn[3]              ; clock             ; clock       ; 0.000        ; 0.037      ; 0.390      ;
; 0.270 ; PRNG:rng|seed4[2]           ; PRNG:rng|xn[6]              ; clock             ; clock       ; 0.000        ; 0.037      ; 0.391      ;
; 0.271 ; PRNG:rng|yn[7]              ; PRNG:rng|xn[7]              ; clock             ; clock       ; 0.000        ; 0.037      ; 0.392      ;
; 0.271 ; PRNG:rng|xn[0]              ; PRNG:rng|xn[1]              ; clock             ; clock       ; 0.000        ; 0.036      ; 0.391      ;
; 0.272 ; FSM:game_fsm|delay[9]       ; FSM:game_fsm|delay[11]      ; clock             ; clock       ; 0.000        ; 0.236      ; 0.592      ;
; 0.272 ; PRNG:rng|yn[7]              ; PRNG:rng|yn[6]              ; clock             ; clock       ; 0.000        ; 0.037      ; 0.393      ;
; 0.275 ; PRNG:rng|seed4[1]           ; PRNG:rng|xn[5]              ; clock             ; clock       ; 0.000        ; 0.037      ; 0.396      ;
; 0.276 ; PRNG:rng|xn[2]              ; PRNG:rng|xn[3]              ; clock             ; clock       ; 0.000        ; 0.037      ; 0.397      ;
; 0.284 ; PRNG:rng|yn[5]              ; PRNG:rng|yn[4]              ; clock             ; clock       ; 0.000        ; 0.037      ; 0.405      ;
; 0.285 ; FSM:game_fsm|delay[2]       ; FSM:game_fsm|delay[2]       ; clock             ; clock       ; 0.000        ; 0.045      ; 0.414      ;
; 0.285 ; FSM:game_fsm|delay[3]       ; FSM:game_fsm|delay[3]       ; clock             ; clock       ; 0.000        ; 0.045      ; 0.414      ;
; 0.285 ; FSM:game_fsm|delay[4]       ; FSM:game_fsm|delay[4]       ; clock             ; clock       ; 0.000        ; 0.045      ; 0.414      ;
; 0.285 ; FSM:game_fsm|delay[5]       ; FSM:game_fsm|delay[5]       ; clock             ; clock       ; 0.000        ; 0.045      ; 0.414      ;
; 0.286 ; PRNG:rng|xn[0]              ; PRNG:rng|yn[1]              ; clock             ; clock       ; 0.000        ; 0.036      ; 0.406      ;
; 0.288 ; PRNG:rng|xn[0]              ; PRNG:rng|yn[0]              ; clock             ; clock       ; 0.000        ; 0.036      ; 0.408      ;
; 0.290 ; FSM:game_fsm|delay[1]       ; FSM:game_fsm|delay[1]       ; clock             ; clock       ; 0.000        ; 0.045      ; 0.419      ;
; 0.291 ; FSM:game_fsm|delay[7]       ; FSM:game_fsm|delay[7]       ; clock             ; clock       ; 0.000        ; 0.045      ; 0.420      ;
; 0.292 ; beep:b|cnt1[4]              ; beep:b|cnt1[4]              ; clock             ; clock       ; 0.000        ; 0.037      ; 0.413      ;
; 0.293 ; beep:b|cnt1[2]              ; beep:b|cnt1[2]              ; clock             ; clock       ; 0.000        ; 0.037      ; 0.414      ;
; 0.293 ; beep:b|cnt4[2]              ; beep:b|cnt4[2]              ; clock             ; clock       ; 0.000        ; 0.037      ; 0.414      ;
+-------+-----------------------------+-----------------------------+-------------------+-------------+--------------+------------+------------+


+----------------------------------------------------------------------------------------------------------------------------------+
; Fast 1200mV 0C Model Hold: 'debounce:key2|alt'                                                                                   ;
+-------+--------------------+--------------------+-------------------+-------------------+--------------+------------+------------+
; Slack ; From Node          ; To Node            ; Launch Clock      ; Latch Clock       ; Relationship ; Clock Skew ; Data Delay ;
+-------+--------------------+--------------------+-------------------+-------------------+--------------+------------+------------+
; 0.204 ; debounce:key2|dff1 ; debounce:key2|dff2 ; debounce:key2|alt ; debounce:key2|alt ; 0.000        ; 0.036      ; 0.324      ;
+-------+--------------------+--------------------+-------------------+-------------------+--------------+------------+------------+


+----------------------------------------------------------------------------------------------------------------------------------+
; Fast 1200mV 0C Model Hold: 'debounce:key3|alt'                                                                                   ;
+-------+--------------------+--------------------+-------------------+-------------------+--------------+------------+------------+
; Slack ; From Node          ; To Node            ; Launch Clock      ; Latch Clock       ; Relationship ; Clock Skew ; Data Delay ;
+-------+--------------------+--------------------+-------------------+-------------------+--------------+------------+------------+
; 0.207 ; debounce:key3|dff1 ; debounce:key3|dff2 ; debounce:key3|alt ; debounce:key3|alt ; 0.000        ; 0.036      ; 0.327      ;
+-------+--------------------+--------------------+-------------------+-------------------+--------------+------------+------------+


+----------------------------------------------------------------------------------------------------------------------------------+
; Fast 1200mV 0C Model Hold: 'debounce:key0|alt'                                                                                   ;
+-------+--------------------+--------------------+-------------------+-------------------+--------------+------------+------------+
; Slack ; From Node          ; To Node            ; Launch Clock      ; Latch Clock       ; Relationship ; Clock Skew ; Data Delay ;
+-------+--------------------+--------------------+-------------------+-------------------+--------------+------------+------------+
; 0.210 ; debounce:key0|dff1 ; debounce:key0|dff2 ; debounce:key0|alt ; debounce:key0|alt ; 0.000        ; 0.036      ; 0.330      ;
+-------+--------------------+--------------------+-------------------+-------------------+--------------+------------+------------+


+----------------------------------------------------------------------------------------------------------------------------------+
; Fast 1200mV 0C Model Hold: 'debounce:key1|alt'                                                                                   ;
+-------+--------------------+--------------------+-------------------+-------------------+--------------+------------+------------+
; Slack ; From Node          ; To Node            ; Launch Clock      ; Latch Clock       ; Relationship ; Clock Skew ; Data Delay ;
+-------+--------------------+--------------------+-------------------+-------------------+--------------+------------+------------+
; 0.276 ; debounce:key1|dff1 ; debounce:key1|dff2 ; debounce:key1|alt ; debounce:key1|alt ; 0.000        ; 0.036      ; 0.396      ;
+-------+--------------------+--------------------+-------------------+-------------------+--------------+------------+------------+


----------------------------------------------
; Fast 1200mV 0C Model Metastability Summary ;
----------------------------------------------
No synchronizer chains to report.


+----------------------------------------------------------------------------------+
; Multicorner Timing Analysis Summary                                              ;
+--------------------+----------+-------+----------+---------+---------------------+
; Clock              ; Setup    ; Hold  ; Recovery ; Removal ; Minimum Pulse Width ;
+--------------------+----------+-------+----------+---------+---------------------+
; Worst-case Slack   ; -6.998   ; 0.145 ; N/A      ; N/A     ; -3.201              ;
;  clock             ; -6.998   ; 0.145 ; N/A      ; N/A     ; -3.201              ;
;  debounce:key0|alt ; -0.002   ; 0.210 ; N/A      ; N/A     ; -1.487              ;
;  debounce:key1|alt ; -0.196   ; 0.276 ; N/A      ; N/A     ; -1.487              ;
;  debounce:key2|alt ; 0.014    ; 0.204 ; N/A      ; N/A     ; -1.487              ;
;  debounce:key3|alt ; 0.011    ; 0.207 ; N/A      ; N/A     ; -1.487              ;
; Design-wide TNS    ; -811.358 ; 0.0   ; 0.0      ; 0.0     ; -369.483            ;
;  clock             ; -811.160 ; 0.000 ; N/A      ; N/A     ; -357.587            ;
;  debounce:key0|alt ; -0.002   ; 0.000 ; N/A      ; N/A     ; -2.974              ;
;  debounce:key1|alt ; -0.196   ; 0.000 ; N/A      ; N/A     ; -2.974              ;
;  debounce:key2|alt ; 0.000    ; 0.000 ; N/A      ; N/A     ; -2.974              ;
;  debounce:key3|alt ; 0.000    ; 0.000 ; N/A      ; N/A     ; -2.974              ;
+--------------------+----------+-------+----------+---------+---------------------+


+------------------------------------------------------------------------------------------------------------------------------------------------------------------------------------------------------------------------------------------------------------------------------------------------------------------------------------------------------------------------------------------------------------------+
; Board Trace Model Assignments                                                                                                                                                                                                                                                                                                                                                                                    ;
+---------------+--------------+-------------------+-------------------------+-------------------------+---------------+---------------------+----------------+------------------+--------+------------------+------------------------+------------------------+--------------+---------------+-----------------+-------+---------------------+--------------------+---------------+-----------------+-------------+
; Pin           ; I/O Standard ; Near Tline Length ; Near Tline L per Length ; Near Tline C per Length ; Near Series R ; Near Differential R ; Near Pull-up R ; Near Pull-down R ; Near C ; Far Tline Length ; Far Tline L per Length ; Far Tline C per Length ; Far Series R ; Far Pull-up R ; Far Pull-down R ; Far C ; Termination Voltage ; Far Differential R ; EBD File Name ; EBD Signal Name ; EBD Far-end ;
+---------------+--------------+-------------------+-------------------------+-------------------------+---------------+---------------------+----------------+------------------+--------+------------------+------------------------+------------------------+--------------+---------------+-----------------+-------+---------------------+--------------------+---------------+-----------------+-------------+
; led[0]        ; 2.5 V        ; 0 in              ; 0 H/in                  ; 0 F/in                  ; short         ; -                   ; open           ; open             ; open   ; 0 in             ; 0 H/in                 ; 0 F/in                 ; short        ; open          ; open            ; open  ; 0 V                 ; -                  ; n/a           ; n/a             ; n/a         ;
; led[1]        ; 2.5 V        ; 0 in              ; 0 H/in                  ; 0 F/in                  ; short         ; -                   ; open           ; open             ; open   ; 0 in             ; 0 H/in                 ; 0 F/in                 ; short        ; open          ; open            ; open  ; 0 V                 ; -                  ; n/a           ; n/a             ; n/a         ;
; led[2]        ; 2.5 V        ; 0 in              ; 0 H/in                  ; 0 F/in                  ; short         ; -                   ; open           ; open             ; open   ; 0 in             ; 0 H/in                 ; 0 F/in                 ; short        ; open          ; open            ; open  ; 0 V                 ; -                  ; n/a           ; n/a             ; n/a         ;
; led[3]        ; 2.5 V        ; 0 in              ; 0 H/in                  ; 0 F/in                  ; short         ; -                   ; open           ; open             ; open   ; 0 in             ; 0 H/in                 ; 0 F/in                 ; short        ; open          ; open            ; open  ; 0 V                 ; -                  ; n/a           ; n/a             ; n/a         ;
; buzzer        ; 2.5 V        ; 0 in              ; 0 H/in                  ; 0 F/in                  ; short         ; -                   ; open           ; open             ; open   ; 0 in             ; 0 H/in                 ; 0 F/in                 ; short        ; open          ; open            ; open  ; 0 V                 ; -                  ; n/a           ; n/a             ; n/a         ;
; seg[0]        ; 2.5 V        ; 0 in              ; 0 H/in                  ; 0 F/in                  ; short         ; -                   ; open           ; open             ; open   ; 0 in             ; 0 H/in                 ; 0 F/in                 ; short        ; open          ; open            ; open  ; 0 V                 ; -                  ; n/a           ; n/a             ; n/a         ;
; seg[1]        ; 2.5 V        ; 0 in              ; 0 H/in                  ; 0 F/in                  ; short         ; -                   ; open           ; open             ; open   ; 0 in             ; 0 H/in                 ; 0 F/in                 ; short        ; open          ; open            ; open  ; 0 V                 ; -                  ; n/a           ; n/a             ; n/a         ;
; seg[2]        ; 2.5 V        ; 0 in              ; 0 H/in                  ; 0 F/in                  ; short         ; -                   ; open           ; open             ; open   ; 0 in             ; 0 H/in                 ; 0 F/in                 ; short        ; open          ; open            ; open  ; 0 V                 ; -                  ; n/a           ; n/a             ; n/a         ;
; seg[3]        ; 2.5 V        ; 0 in              ; 0 H/in                  ; 0 F/in                  ; short         ; -                   ; open           ; open             ; open   ; 0 in             ; 0 H/in                 ; 0 F/in                 ; short        ; open          ; open            ; open  ; 0 V                 ; -                  ; n/a           ; n/a             ; n/a         ;
; seg[4]        ; 2.5 V        ; 0 in              ; 0 H/in                  ; 0 F/in                  ; short         ; -                   ; open           ; open             ; open   ; 0 in             ; 0 H/in                 ; 0 F/in                 ; short        ; open          ; open            ; open  ; 0 V                 ; -                  ; n/a           ; n/a             ; n/a         ;
; seg[5]        ; 2.5 V        ; 0 in              ; 0 H/in                  ; 0 F/in                  ; short         ; -                   ; open           ; open             ; open   ; 0 in             ; 0 H/in                 ; 0 F/in                 ; short        ; open          ; open            ; open  ; 0 V                 ; -                  ; n/a           ; n/a             ; n/a         ;
; seg[6]        ; 2.5 V        ; 0 in              ; 0 H/in                  ; 0 F/in                  ; short         ; -                   ; open           ; open             ; open   ; 0 in             ; 0 H/in                 ; 0 F/in                 ; short        ; open          ; open            ; open  ; 0 V                 ; -                  ; n/a           ; n/a             ; n/a         ;
; seg[7]        ; 2.5 V        ; 0 in              ; 0 H/in                  ; 0 F/in                  ; short         ; -                   ; open           ; open             ; open   ; 0 in             ; 0 H/in                 ; 0 F/in                 ; short        ; open          ; open            ; open  ; 0 V                 ; -                  ; n/a           ; n/a             ; n/a         ;
; dig[0]        ; 2.5 V        ; 0 in              ; 0 H/in                  ; 0 F/in                  ; short         ; -                   ; open           ; open             ; open   ; 0 in             ; 0 H/in                 ; 0 F/in                 ; short        ; open          ; open            ; open  ; 0 V                 ; -                  ; n/a           ; n/a             ; n/a         ;
; dig[1]        ; 2.5 V        ; 0 in              ; 0 H/in                  ; 0 F/in                  ; short         ; -                   ; open           ; open             ; open   ; 0 in             ; 0 H/in                 ; 0 F/in                 ; short        ; open          ; open            ; open  ; 0 V                 ; -                  ; n/a           ; n/a             ; n/a         ;
; dig[2]        ; 2.5 V        ; 0 in              ; 0 H/in                  ; 0 F/in                  ; short         ; -                   ; open           ; open             ; open   ; 0 in             ; 0 H/in                 ; 0 F/in                 ; short        ; open          ; open            ; open  ; 0 V                 ; -                  ; n/a           ; n/a             ; n/a         ;
; dig[3]        ; 2.5 V        ; 0 in              ; 0 H/in                  ; 0 F/in                  ; short         ; -                   ; open           ; open             ; open   ; 0 in             ; 0 H/in                 ; 0 F/in                 ; short        ; open          ; open            ; open  ; 0 V                 ; -                  ; n/a           ; n/a             ; n/a         ;
; ~ALTERA_DCLK~ ; 2.5 V        ; 0 in              ; 0 H/in                  ; 0 F/in                  ; short         ; -                   ; open           ; open             ; open   ; 0 in             ; 0 H/in                 ; 0 F/in                 ; short        ; open          ; open            ; open  ; 0 V                 ; -                  ; n/a           ; n/a             ; n/a         ;
; ~ALTERA_nCEO~ ; 2.5 V        ; 0 in              ; 0 H/in                  ; 0 F/in                  ; short         ; -                   ; open           ; open             ; open   ; 0 in             ; 0 H/in                 ; 0 F/in                 ; short        ; open          ; open            ; open  ; 0 V                 ; -                  ; n/a           ; n/a             ; n/a         ;
+---------------+--------------+-------------------+-------------------------+-------------------------+---------------+---------------------+----------------+------------------+--------+------------------+------------------------+------------------------+--------------+---------------+-----------------+-------+---------------------+--------------------+---------------+-----------------+-------------+


+----------------------------------------------------------------------------+
; Input Transition Times                                                     ;
+-------------------------+--------------+-----------------+-----------------+
; Pin                     ; I/O Standard ; 10-90 Rise Time ; 90-10 Fall Time ;
+-------------------------+--------------+-----------------+-----------------+
; clock                   ; 2.5 V        ; 2000 ps         ; 2000 ps         ;
; rst_n                   ; 2.5 V        ; 2000 ps         ; 2000 ps         ;
; key[0]                  ; 2.5 V        ; 2000 ps         ; 2000 ps         ;
; key[3]                  ; 2.5 V        ; 2000 ps         ; 2000 ps         ;
; key[1]                  ; 2.5 V        ; 2000 ps         ; 2000 ps         ;
; key[2]                  ; 2.5 V        ; 2000 ps         ; 2000 ps         ;
; ~ALTERA_ASDO_DATA1~     ; 2.5 V        ; 2000 ps         ; 2000 ps         ;
; ~ALTERA_FLASH_nCE_nCSO~ ; 2.5 V        ; 2000 ps         ; 2000 ps         ;
; ~ALTERA_DATA0~          ; 2.5 V        ; 2000 ps         ; 2000 ps         ;
+-------------------------+--------------+-----------------+-----------------+


+--------------------------------------------------------------------------------------------------------------------------------------------------------------------------------------------------------------------------------------------------------------------------------------------------------------------------------------------------------------------------------------------------------------------------------------------------------------------------------------------------------------------------------------------------------------------------------------------------------------------------------------------------------------------------------------------+
; Signal Integrity Metrics (Slow 1200mv 0c Model)                                                                                                                                                                                                                                                                                                                                                                                                                                                                                                                                                                                                                                            ;
+---------------+--------------+---------------------+---------------------+------------------------------+------------------------------+---------------------+---------------------+--------------------------------------+--------------------------------------+-----------------------------+-----------------------------+----------------------------+----------------------------+-----------------------------+-----------------------------+--------------------+--------------------+-------------------------------------+-------------------------------------+----------------------------+----------------------------+---------------------------+---------------------------+
; Pin           ; I/O Standard ; Board Delay on Rise ; Board Delay on Fall ; Steady State Voh at FPGA Pin ; Steady State Vol at FPGA Pin ; Voh Max at FPGA Pin ; Vol Min at FPGA Pin ; Ringback Voltage on Rise at FPGA Pin ; Ringback Voltage on Fall at FPGA Pin ; 10-90 Rise Time at FPGA Pin ; 90-10 Fall Time at FPGA Pin ; Monotonic Rise at FPGA Pin ; Monotonic Fall at FPGA Pin ; Steady State Voh at Far-end ; Steady State Vol at Far-end ; Voh Max at Far-end ; Vol Min at Far-end ; Ringback Voltage on Rise at Far-end ; Ringback Voltage on Fall at Far-end ; 10-90 Rise Time at Far-end ; 90-10 Fall Time at Far-end ; Monotonic Rise at Far-end ; Monotonic Fall at Far-end ;
+---------------+--------------+---------------------+---------------------+------------------------------+------------------------------+---------------------+---------------------+--------------------------------------+--------------------------------------+-----------------------------+-----------------------------+----------------------------+----------------------------+-----------------------------+-----------------------------+--------------------+--------------------+-------------------------------------+-------------------------------------+----------------------------+----------------------------+---------------------------+---------------------------+
; led[0]        ; 2.5 V        ; 0 s                 ; 0 s                 ; 2.32 V                       ; 2.07e-09 V                   ; 2.36 V              ; -0.00737 V          ; 0.209 V                              ; 0.012 V                              ; 5.22e-10 s                  ; 5.33e-10 s                  ; Yes                        ; Yes                        ; 2.32 V                      ; 2.07e-09 V                  ; 2.36 V             ; -0.00737 V         ; 0.209 V                             ; 0.012 V                             ; 5.22e-10 s                 ; 5.33e-10 s                 ; Yes                       ; Yes                       ;
; led[1]        ; 2.5 V        ; 0 s                 ; 0 s                 ; 2.32 V                       ; 2.07e-09 V                   ; 2.36 V              ; -0.00737 V          ; 0.209 V                              ; 0.012 V                              ; 5.22e-10 s                  ; 5.33e-10 s                  ; Yes                        ; Yes                        ; 2.32 V                      ; 2.07e-09 V                  ; 2.36 V             ; -0.00737 V         ; 0.209 V                             ; 0.012 V                             ; 5.22e-10 s                 ; 5.33e-10 s                 ; Yes                       ; Yes                       ;
; led[2]        ; 2.5 V        ; 0 s                 ; 0 s                 ; 2.32 V                       ; 2.07e-09 V                   ; 2.36 V              ; -0.00737 V          ; 0.209 V                              ; 0.012 V                              ; 5.22e-10 s                  ; 5.33e-10 s                  ; Yes                        ; Yes                        ; 2.32 V                      ; 2.07e-09 V                  ; 2.36 V             ; -0.00737 V         ; 0.209 V                             ; 0.012 V                             ; 5.22e-10 s                 ; 5.33e-10 s                 ; Yes                       ; Yes                       ;
; led[3]        ; 2.5 V        ; 0 s                 ; 0 s                 ; 2.32 V                       ; 2.07e-09 V                   ; 2.36 V              ; -0.00737 V          ; 0.209 V                              ; 0.012 V                              ; 5.22e-10 s                  ; 5.33e-10 s                  ; Yes                        ; Yes                        ; 2.32 V                      ; 2.07e-09 V                  ; 2.36 V             ; -0.00737 V         ; 0.209 V                             ; 0.012 V                             ; 5.22e-10 s                 ; 5.33e-10 s                 ; Yes                       ; Yes                       ;
; buzzer        ; 2.5 V        ; 0 s                 ; 0 s                 ; 2.32 V                       ; 2.8e-09 V                    ; 2.37 V              ; -0.00373 V          ; 0.104 V                              ; 0.011 V                              ; 4.34e-10 s                  ; 3.82e-10 s                  ; Yes                        ; Yes                        ; 2.32 V                      ; 2.8e-09 V                   ; 2.37 V             ; -0.00373 V         ; 0.104 V                             ; 0.011 V                             ; 4.34e-10 s                 ; 3.82e-10 s                 ; Yes                       ; Yes                       ;
; seg[0]        ; 2.5 V        ; 0 s                 ; 0 s                 ; 2.32 V                       ; 2.8e-09 V                    ; 2.37 V              ; -0.00373 V          ; 0.104 V                              ; 0.011 V                              ; 4.34e-10 s                  ; 3.82e-10 s                  ; Yes                        ; Yes                        ; 2.32 V                      ; 2.8e-09 V                   ; 2.37 V             ; -0.00373 V         ; 0.104 V                             ; 0.011 V                             ; 4.34e-10 s                 ; 3.82e-10 s                 ; Yes                       ; Yes                       ;
; seg[1]        ; 2.5 V        ; 0 s                 ; 0 s                 ; 2.32 V                       ; 2.8e-09 V                    ; 2.37 V              ; -0.00373 V          ; 0.104 V                              ; 0.011 V                              ; 4.34e-10 s                  ; 3.82e-10 s                  ; Yes                        ; Yes                        ; 2.32 V                      ; 2.8e-09 V                   ; 2.37 V             ; -0.00373 V         ; 0.104 V                             ; 0.011 V                             ; 4.34e-10 s                 ; 3.82e-10 s                 ; Yes                       ; Yes                       ;
; seg[2]        ; 2.5 V        ; 0 s                 ; 0 s                 ; 2.32 V                       ; 2.8e-09 V                    ; 2.37 V              ; -0.00373 V          ; 0.104 V                              ; 0.011 V                              ; 4.34e-10 s                  ; 3.82e-10 s                  ; Yes                        ; Yes                        ; 2.32 V                      ; 2.8e-09 V                   ; 2.37 V             ; -0.00373 V         ; 0.104 V                             ; 0.011 V                             ; 4.34e-10 s                 ; 3.82e-10 s                 ; Yes                       ; Yes                       ;
; seg[3]        ; 2.5 V        ; 0 s                 ; 0 s                 ; 2.32 V                       ; 2.8e-09 V                    ; 2.37 V              ; -0.00373 V          ; 0.104 V                              ; 0.011 V                              ; 4.34e-10 s                  ; 3.82e-10 s                  ; Yes                        ; Yes                        ; 2.32 V                      ; 2.8e-09 V                   ; 2.37 V             ; -0.00373 V         ; 0.104 V                             ; 0.011 V                             ; 4.34e-10 s                 ; 3.82e-10 s                 ; Yes                       ; Yes                       ;
; seg[4]        ; 2.5 V        ; 0 s                 ; 0 s                 ; 2.32 V                       ; 2.8e-09 V                    ; 2.37 V              ; -0.00373 V          ; 0.104 V                              ; 0.011 V                              ; 4.34e-10 s                  ; 3.82e-10 s                  ; Yes                        ; Yes                        ; 2.32 V                      ; 2.8e-09 V                   ; 2.37 V             ; -0.00373 V         ; 0.104 V                             ; 0.011 V                             ; 4.34e-10 s                 ; 3.82e-10 s                 ; Yes                       ; Yes                       ;
; seg[5]        ; 2.5 V        ; 0 s                 ; 0 s                 ; 2.32 V                       ; 2.8e-09 V                    ; 2.37 V              ; -0.00373 V          ; 0.104 V                              ; 0.011 V                              ; 4.34e-10 s                  ; 3.82e-10 s                  ; Yes                        ; Yes                        ; 2.32 V                      ; 2.8e-09 V                   ; 2.37 V             ; -0.00373 V         ; 0.104 V                             ; 0.011 V                             ; 4.34e-10 s                 ; 3.82e-10 s                 ; Yes                       ; Yes                       ;
; seg[6]        ; 2.5 V        ; 0 s                 ; 0 s                 ; 2.32 V                       ; 2.8e-09 V                    ; 2.37 V              ; -0.00373 V          ; 0.104 V                              ; 0.011 V                              ; 4.34e-10 s                  ; 3.82e-10 s                  ; Yes                        ; Yes                        ; 2.32 V                      ; 2.8e-09 V                   ; 2.37 V             ; -0.00373 V         ; 0.104 V                             ; 0.011 V                             ; 4.34e-10 s                 ; 3.82e-10 s                 ; Yes                       ; Yes                       ;
; seg[7]        ; 2.5 V        ; 0 s                 ; 0 s                 ; 2.32 V                       ; 2.8e-09 V                    ; 2.37 V              ; -0.00373 V          ; 0.104 V                              ; 0.011 V                              ; 4.34e-10 s                  ; 3.82e-10 s                  ; Yes                        ; Yes                        ; 2.32 V                      ; 2.8e-09 V                   ; 2.37 V             ; -0.00373 V         ; 0.104 V                             ; 0.011 V                             ; 4.34e-10 s                 ; 3.82e-10 s                 ; Yes                       ; Yes                       ;
; dig[0]        ; 2.5 V        ; 0 s                 ; 0 s                 ; 2.32 V                       ; 2.8e-09 V                    ; 2.37 V              ; -0.00373 V          ; 0.104 V                              ; 0.011 V                              ; 4.34e-10 s                  ; 3.82e-10 s                  ; Yes                        ; Yes                        ; 2.32 V                      ; 2.8e-09 V                   ; 2.37 V             ; -0.00373 V         ; 0.104 V                             ; 0.011 V                             ; 4.34e-10 s                 ; 3.82e-10 s                 ; Yes                       ; Yes                       ;
; dig[1]        ; 2.5 V        ; 0 s                 ; 0 s                 ; 2.32 V                       ; 2.8e-09 V                    ; 2.37 V              ; -0.00373 V          ; 0.104 V                              ; 0.011 V                              ; 4.34e-10 s                  ; 3.82e-10 s                  ; Yes                        ; Yes                        ; 2.32 V                      ; 2.8e-09 V                   ; 2.37 V             ; -0.00373 V         ; 0.104 V                             ; 0.011 V                             ; 4.34e-10 s                 ; 3.82e-10 s                 ; Yes                       ; Yes                       ;
; dig[2]        ; 2.5 V        ; 0 s                 ; 0 s                 ; 2.32 V                       ; 2.8e-09 V                    ; 2.33 V              ; -0.00425 V          ; 0.168 V                              ; 0.058 V                              ; 3.12e-09 s                  ; 2.87e-09 s                  ; Yes                        ; Yes                        ; 2.32 V                      ; 2.8e-09 V                   ; 2.33 V             ; -0.00425 V         ; 0.168 V                             ; 0.058 V                             ; 3.12e-09 s                 ; 2.87e-09 s                 ; Yes                       ; Yes                       ;
; dig[3]        ; 2.5 V        ; 0 s                 ; 0 s                 ; 2.32 V                       ; 2.8e-09 V                    ; 2.37 V              ; -0.00373 V          ; 0.104 V                              ; 0.011 V                              ; 4.34e-10 s                  ; 3.82e-10 s                  ; Yes                        ; Yes                        ; 2.32 V                      ; 2.8e-09 V                   ; 2.37 V             ; -0.00373 V         ; 0.104 V                             ; 0.011 V                             ; 4.34e-10 s                 ; 3.82e-10 s                 ; Yes                       ; Yes                       ;
; ~ALTERA_DCLK~ ; 2.5 V        ; 0 s                 ; 0 s                 ; 2.32 V                       ; 1.74e-09 V                   ; 2.37 V              ; -0.0346 V           ; 0.198 V                              ; 0.094 V                              ; 3.14e-10 s                  ; 2.92e-10 s                  ; Yes                        ; Yes                        ; 2.32 V                      ; 1.74e-09 V                  ; 2.37 V             ; -0.0346 V          ; 0.198 V                             ; 0.094 V                             ; 3.14e-10 s                 ; 2.92e-10 s                 ; Yes                       ; Yes                       ;
; ~ALTERA_nCEO~ ; 2.5 V        ; 0 s                 ; 0 s                 ; 2.32 V                       ; 2.57e-09 V                   ; 2.37 V              ; -0.00683 V          ; 0.171 V                              ; 0.018 V                              ; 4.97e-10 s                  ; 6.66e-10 s                  ; Yes                        ; Yes                        ; 2.32 V                      ; 2.57e-09 V                  ; 2.37 V             ; -0.00683 V         ; 0.171 V                             ; 0.018 V                             ; 4.97e-10 s                 ; 6.66e-10 s                 ; Yes                       ; Yes                       ;
+---------------+--------------+---------------------+---------------------+------------------------------+------------------------------+---------------------+---------------------+--------------------------------------+--------------------------------------+-----------------------------+-----------------------------+----------------------------+----------------------------+-----------------------------+-----------------------------+--------------------+--------------------+-------------------------------------+-------------------------------------+----------------------------+----------------------------+---------------------------+---------------------------+


+--------------------------------------------------------------------------------------------------------------------------------------------------------------------------------------------------------------------------------------------------------------------------------------------------------------------------------------------------------------------------------------------------------------------------------------------------------------------------------------------------------------------------------------------------------------------------------------------------------------------------------------------------------------------------------------------+
; Signal Integrity Metrics (Slow 1200mv 85c Model)                                                                                                                                                                                                                                                                                                                                                                                                                                                                                                                                                                                                                                           ;
+---------------+--------------+---------------------+---------------------+------------------------------+------------------------------+---------------------+---------------------+--------------------------------------+--------------------------------------+-----------------------------+-----------------------------+----------------------------+----------------------------+-----------------------------+-----------------------------+--------------------+--------------------+-------------------------------------+-------------------------------------+----------------------------+----------------------------+---------------------------+---------------------------+
; Pin           ; I/O Standard ; Board Delay on Rise ; Board Delay on Fall ; Steady State Voh at FPGA Pin ; Steady State Vol at FPGA Pin ; Voh Max at FPGA Pin ; Vol Min at FPGA Pin ; Ringback Voltage on Rise at FPGA Pin ; Ringback Voltage on Fall at FPGA Pin ; 10-90 Rise Time at FPGA Pin ; 90-10 Fall Time at FPGA Pin ; Monotonic Rise at FPGA Pin ; Monotonic Fall at FPGA Pin ; Steady State Voh at Far-end ; Steady State Vol at Far-end ; Voh Max at Far-end ; Vol Min at Far-end ; Ringback Voltage on Rise at Far-end ; Ringback Voltage on Fall at Far-end ; 10-90 Rise Time at Far-end ; 90-10 Fall Time at Far-end ; Monotonic Rise at Far-end ; Monotonic Fall at Far-end ;
+---------------+--------------+---------------------+---------------------+------------------------------+------------------------------+---------------------+---------------------+--------------------------------------+--------------------------------------+-----------------------------+-----------------------------+----------------------------+----------------------------+-----------------------------+-----------------------------+--------------------+--------------------+-------------------------------------+-------------------------------------+----------------------------+----------------------------+---------------------------+---------------------------+
; led[0]        ; 2.5 V        ; 0 s                 ; 0 s                 ; 2.32 V                       ; 1.93e-07 V                   ; 2.34 V              ; -0.00869 V          ; 0.14 V                               ; 0.046 V                              ; 6.89e-10 s                  ; 6.56e-10 s                  ; Yes                        ; Yes                        ; 2.32 V                      ; 1.93e-07 V                  ; 2.34 V             ; -0.00869 V         ; 0.14 V                              ; 0.046 V                             ; 6.89e-10 s                 ; 6.56e-10 s                 ; Yes                       ; Yes                       ;
; led[1]        ; 2.5 V        ; 0 s                 ; 0 s                 ; 2.32 V                       ; 1.93e-07 V                   ; 2.34 V              ; -0.00869 V          ; 0.14 V                               ; 0.046 V                              ; 6.89e-10 s                  ; 6.56e-10 s                  ; Yes                        ; Yes                        ; 2.32 V                      ; 1.93e-07 V                  ; 2.34 V             ; -0.00869 V         ; 0.14 V                              ; 0.046 V                             ; 6.89e-10 s                 ; 6.56e-10 s                 ; Yes                       ; Yes                       ;
; led[2]        ; 2.5 V        ; 0 s                 ; 0 s                 ; 2.32 V                       ; 1.93e-07 V                   ; 2.34 V              ; -0.00869 V          ; 0.14 V                               ; 0.046 V                              ; 6.89e-10 s                  ; 6.56e-10 s                  ; Yes                        ; Yes                        ; 2.32 V                      ; 1.93e-07 V                  ; 2.34 V             ; -0.00869 V         ; 0.14 V                              ; 0.046 V                             ; 6.89e-10 s                 ; 6.56e-10 s                 ; Yes                       ; Yes                       ;
; led[3]        ; 2.5 V        ; 0 s                 ; 0 s                 ; 2.32 V                       ; 1.93e-07 V                   ; 2.34 V              ; -0.00869 V          ; 0.14 V                               ; 0.046 V                              ; 6.89e-10 s                  ; 6.56e-10 s                  ; Yes                        ; Yes                        ; 2.32 V                      ; 1.93e-07 V                  ; 2.34 V             ; -0.00869 V         ; 0.14 V                              ; 0.046 V                             ; 6.89e-10 s                 ; 6.56e-10 s                 ; Yes                       ; Yes                       ;
; buzzer        ; 2.5 V        ; 0 s                 ; 0 s                 ; 2.32 V                       ; 2.85e-07 V                   ; 2.35 V              ; -0.0123 V           ; 0.144 V                              ; 0.042 V                              ; 4.81e-10 s                  ; 4.81e-10 s                  ; Yes                        ; Yes                        ; 2.32 V                      ; 2.85e-07 V                  ; 2.35 V             ; -0.0123 V          ; 0.144 V                             ; 0.042 V                             ; 4.81e-10 s                 ; 4.81e-10 s                 ; Yes                       ; Yes                       ;
; seg[0]        ; 2.5 V        ; 0 s                 ; 0 s                 ; 2.32 V                       ; 2.85e-07 V                   ; 2.35 V              ; -0.0123 V           ; 0.144 V                              ; 0.042 V                              ; 4.81e-10 s                  ; 4.81e-10 s                  ; Yes                        ; Yes                        ; 2.32 V                      ; 2.85e-07 V                  ; 2.35 V             ; -0.0123 V          ; 0.144 V                             ; 0.042 V                             ; 4.81e-10 s                 ; 4.81e-10 s                 ; Yes                       ; Yes                       ;
; seg[1]        ; 2.5 V        ; 0 s                 ; 0 s                 ; 2.32 V                       ; 2.85e-07 V                   ; 2.35 V              ; -0.0123 V           ; 0.144 V                              ; 0.042 V                              ; 4.81e-10 s                  ; 4.81e-10 s                  ; Yes                        ; Yes                        ; 2.32 V                      ; 2.85e-07 V                  ; 2.35 V             ; -0.0123 V          ; 0.144 V                             ; 0.042 V                             ; 4.81e-10 s                 ; 4.81e-10 s                 ; Yes                       ; Yes                       ;
; seg[2]        ; 2.5 V        ; 0 s                 ; 0 s                 ; 2.32 V                       ; 2.85e-07 V                   ; 2.35 V              ; -0.0123 V           ; 0.144 V                              ; 0.042 V                              ; 4.81e-10 s                  ; 4.81e-10 s                  ; Yes                        ; Yes                        ; 2.32 V                      ; 2.85e-07 V                  ; 2.35 V             ; -0.0123 V          ; 0.144 V                             ; 0.042 V                             ; 4.81e-10 s                 ; 4.81e-10 s                 ; Yes                       ; Yes                       ;
; seg[3]        ; 2.5 V        ; 0 s                 ; 0 s                 ; 2.32 V                       ; 2.85e-07 V                   ; 2.35 V              ; -0.0123 V           ; 0.144 V                              ; 0.042 V                              ; 4.81e-10 s                  ; 4.81e-10 s                  ; Yes                        ; Yes                        ; 2.32 V                      ; 2.85e-07 V                  ; 2.35 V             ; -0.0123 V          ; 0.144 V                             ; 0.042 V                             ; 4.81e-10 s                 ; 4.81e-10 s                 ; Yes                       ; Yes                       ;
; seg[4]        ; 2.5 V        ; 0 s                 ; 0 s                 ; 2.32 V                       ; 2.85e-07 V                   ; 2.35 V              ; -0.0123 V           ; 0.144 V                              ; 0.042 V                              ; 4.81e-10 s                  ; 4.81e-10 s                  ; Yes                        ; Yes                        ; 2.32 V                      ; 2.85e-07 V                  ; 2.35 V             ; -0.0123 V          ; 0.144 V                             ; 0.042 V                             ; 4.81e-10 s                 ; 4.81e-10 s                 ; Yes                       ; Yes                       ;
; seg[5]        ; 2.5 V        ; 0 s                 ; 0 s                 ; 2.32 V                       ; 2.85e-07 V                   ; 2.35 V              ; -0.0123 V           ; 0.144 V                              ; 0.042 V                              ; 4.81e-10 s                  ; 4.81e-10 s                  ; Yes                        ; Yes                        ; 2.32 V                      ; 2.85e-07 V                  ; 2.35 V             ; -0.0123 V          ; 0.144 V                             ; 0.042 V                             ; 4.81e-10 s                 ; 4.81e-10 s                 ; Yes                       ; Yes                       ;
; seg[6]        ; 2.5 V        ; 0 s                 ; 0 s                 ; 2.32 V                       ; 2.85e-07 V                   ; 2.35 V              ; -0.0123 V           ; 0.144 V                              ; 0.042 V                              ; 4.81e-10 s                  ; 4.81e-10 s                  ; Yes                        ; Yes                        ; 2.32 V                      ; 2.85e-07 V                  ; 2.35 V             ; -0.0123 V          ; 0.144 V                             ; 0.042 V                             ; 4.81e-10 s                 ; 4.81e-10 s                 ; Yes                       ; Yes                       ;
; seg[7]        ; 2.5 V        ; 0 s                 ; 0 s                 ; 2.32 V                       ; 2.85e-07 V                   ; 2.35 V              ; -0.0123 V           ; 0.144 V                              ; 0.042 V                              ; 4.81e-10 s                  ; 4.81e-10 s                  ; Yes                        ; Yes                        ; 2.32 V                      ; 2.85e-07 V                  ; 2.35 V             ; -0.0123 V          ; 0.144 V                             ; 0.042 V                             ; 4.81e-10 s                 ; 4.81e-10 s                 ; Yes                       ; Yes                       ;
; dig[0]        ; 2.5 V        ; 0 s                 ; 0 s                 ; 2.32 V                       ; 2.85e-07 V                   ; 2.35 V              ; -0.0123 V           ; 0.144 V                              ; 0.042 V                              ; 4.81e-10 s                  ; 4.81e-10 s                  ; Yes                        ; Yes                        ; 2.32 V                      ; 2.85e-07 V                  ; 2.35 V             ; -0.0123 V          ; 0.144 V                             ; 0.042 V                             ; 4.81e-10 s                 ; 4.81e-10 s                 ; Yes                       ; Yes                       ;
; dig[1]        ; 2.5 V        ; 0 s                 ; 0 s                 ; 2.32 V                       ; 2.85e-07 V                   ; 2.35 V              ; -0.0123 V           ; 0.144 V                              ; 0.042 V                              ; 4.81e-10 s                  ; 4.81e-10 s                  ; Yes                        ; Yes                        ; 2.32 V                      ; 2.85e-07 V                  ; 2.35 V             ; -0.0123 V          ; 0.144 V                             ; 0.042 V                             ; 4.81e-10 s                 ; 4.81e-10 s                 ; Yes                       ; Yes                       ;
; dig[2]        ; 2.5 V        ; 0 s                 ; 0 s                 ; 2.32 V                       ; 2.85e-07 V                   ; 2.33 V              ; -0.00229 V          ; 0.111 V                              ; 0.057 V                              ; 3.78e-09 s                  ; 3.5e-09 s                   ; Yes                        ; Yes                        ; 2.32 V                      ; 2.85e-07 V                  ; 2.33 V             ; -0.00229 V         ; 0.111 V                             ; 0.057 V                             ; 3.78e-09 s                 ; 3.5e-09 s                  ; Yes                       ; Yes                       ;
; dig[3]        ; 2.5 V        ; 0 s                 ; 0 s                 ; 2.32 V                       ; 2.85e-07 V                   ; 2.35 V              ; -0.0123 V           ; 0.144 V                              ; 0.042 V                              ; 4.81e-10 s                  ; 4.81e-10 s                  ; Yes                        ; Yes                        ; 2.32 V                      ; 2.85e-07 V                  ; 2.35 V             ; -0.0123 V          ; 0.144 V                             ; 0.042 V                             ; 4.81e-10 s                 ; 4.81e-10 s                 ; Yes                       ; Yes                       ;
; ~ALTERA_DCLK~ ; 2.5 V        ; 0 s                 ; 0 s                 ; 2.32 V                       ; 1.55e-07 V                   ; 2.35 V              ; -0.00221 V          ; 0.097 V                              ; 0.005 V                              ; 4.49e-10 s                  ; 3.85e-10 s                  ; Yes                        ; Yes                        ; 2.32 V                      ; 1.55e-07 V                  ; 2.35 V             ; -0.00221 V         ; 0.097 V                             ; 0.005 V                             ; 4.49e-10 s                 ; 3.85e-10 s                 ; Yes                       ; Yes                       ;
; ~ALTERA_nCEO~ ; 2.5 V        ; 0 s                 ; 0 s                 ; 2.32 V                       ; 2.54e-07 V                   ; 2.34 V              ; -0.00774 V          ; 0.109 V                              ; 0.026 V                              ; 6.58e-10 s                  ; 8.24e-10 s                  ; Yes                        ; Yes                        ; 2.32 V                      ; 2.54e-07 V                  ; 2.34 V             ; -0.00774 V         ; 0.109 V                             ; 0.026 V                             ; 6.58e-10 s                 ; 8.24e-10 s                 ; Yes                       ; Yes                       ;
+---------------+--------------+---------------------+---------------------+------------------------------+------------------------------+---------------------+---------------------+--------------------------------------+--------------------------------------+-----------------------------+-----------------------------+----------------------------+----------------------------+-----------------------------+-----------------------------+--------------------+--------------------+-------------------------------------+-------------------------------------+----------------------------+----------------------------+---------------------------+---------------------------+


+--------------------------------------------------------------------------------------------------------------------------------------------------------------------------------------------------------------------------------------------------------------------------------------------------------------------------------------------------------------------------------------------------------------------------------------------------------------------------------------------------------------------------------------------------------------------------------------------------------------------------------------------------------------------------------------------+
; Signal Integrity Metrics (Fast 1200mv 0c Model)                                                                                                                                                                                                                                                                                                                                                                                                                                                                                                                                                                                                                                            ;
+---------------+--------------+---------------------+---------------------+------------------------------+------------------------------+---------------------+---------------------+--------------------------------------+--------------------------------------+-----------------------------+-----------------------------+----------------------------+----------------------------+-----------------------------+-----------------------------+--------------------+--------------------+-------------------------------------+-------------------------------------+----------------------------+----------------------------+---------------------------+---------------------------+
; Pin           ; I/O Standard ; Board Delay on Rise ; Board Delay on Fall ; Steady State Voh at FPGA Pin ; Steady State Vol at FPGA Pin ; Voh Max at FPGA Pin ; Vol Min at FPGA Pin ; Ringback Voltage on Rise at FPGA Pin ; Ringback Voltage on Fall at FPGA Pin ; 10-90 Rise Time at FPGA Pin ; 90-10 Fall Time at FPGA Pin ; Monotonic Rise at FPGA Pin ; Monotonic Fall at FPGA Pin ; Steady State Voh at Far-end ; Steady State Vol at Far-end ; Voh Max at Far-end ; Vol Min at Far-end ; Ringback Voltage on Rise at Far-end ; Ringback Voltage on Fall at Far-end ; 10-90 Rise Time at Far-end ; 90-10 Fall Time at Far-end ; Monotonic Rise at Far-end ; Monotonic Fall at Far-end ;
+---------------+--------------+---------------------+---------------------+------------------------------+------------------------------+---------------------+---------------------+--------------------------------------+--------------------------------------+-----------------------------+-----------------------------+----------------------------+----------------------------+-----------------------------+-----------------------------+--------------------+--------------------+-------------------------------------+-------------------------------------+----------------------------+----------------------------+---------------------------+---------------------------+
; led[0]        ; 2.5 V        ; 0 s                 ; 0 s                 ; 2.62 V                       ; 2.74e-08 V                   ; 2.71 V              ; -0.0317 V           ; 0.148 V                              ; 0.064 V                              ; 4.51e-10 s                  ; 4.15e-10 s                  ; No                         ; Yes                        ; 2.62 V                      ; 2.74e-08 V                  ; 2.71 V             ; -0.0317 V          ; 0.148 V                             ; 0.064 V                             ; 4.51e-10 s                 ; 4.15e-10 s                 ; No                        ; Yes                       ;
; led[1]        ; 2.5 V        ; 0 s                 ; 0 s                 ; 2.62 V                       ; 2.74e-08 V                   ; 2.71 V              ; -0.0317 V           ; 0.148 V                              ; 0.064 V                              ; 4.51e-10 s                  ; 4.15e-10 s                  ; No                         ; Yes                        ; 2.62 V                      ; 2.74e-08 V                  ; 2.71 V             ; -0.0317 V          ; 0.148 V                             ; 0.064 V                             ; 4.51e-10 s                 ; 4.15e-10 s                 ; No                        ; Yes                       ;
; led[2]        ; 2.5 V        ; 0 s                 ; 0 s                 ; 2.62 V                       ; 2.74e-08 V                   ; 2.71 V              ; -0.0317 V           ; 0.148 V                              ; 0.064 V                              ; 4.51e-10 s                  ; 4.15e-10 s                  ; No                         ; Yes                        ; 2.62 V                      ; 2.74e-08 V                  ; 2.71 V             ; -0.0317 V          ; 0.148 V                             ; 0.064 V                             ; 4.51e-10 s                 ; 4.15e-10 s                 ; No                        ; Yes                       ;
; led[3]        ; 2.5 V        ; 0 s                 ; 0 s                 ; 2.62 V                       ; 2.74e-08 V                   ; 2.71 V              ; -0.0317 V           ; 0.148 V                              ; 0.064 V                              ; 4.51e-10 s                  ; 4.15e-10 s                  ; No                         ; Yes                        ; 2.62 V                      ; 2.74e-08 V                  ; 2.71 V             ; -0.0317 V          ; 0.148 V                             ; 0.064 V                             ; 4.51e-10 s                 ; 4.15e-10 s                 ; No                        ; Yes                       ;
; buzzer        ; 2.5 V        ; 0 s                 ; 0 s                 ; 2.62 V                       ; 4.05e-08 V                   ; 2.72 V              ; -0.0349 V           ; 0.173 V                              ; 0.1 V                                ; 2.72e-10 s                  ; 2.69e-10 s                  ; Yes                        ; Yes                        ; 2.62 V                      ; 4.05e-08 V                  ; 2.72 V             ; -0.0349 V          ; 0.173 V                             ; 0.1 V                               ; 2.72e-10 s                 ; 2.69e-10 s                 ; Yes                       ; Yes                       ;
; seg[0]        ; 2.5 V        ; 0 s                 ; 0 s                 ; 2.62 V                       ; 4.05e-08 V                   ; 2.72 V              ; -0.0349 V           ; 0.173 V                              ; 0.1 V                                ; 2.72e-10 s                  ; 2.69e-10 s                  ; Yes                        ; Yes                        ; 2.62 V                      ; 4.05e-08 V                  ; 2.72 V             ; -0.0349 V          ; 0.173 V                             ; 0.1 V                               ; 2.72e-10 s                 ; 2.69e-10 s                 ; Yes                       ; Yes                       ;
; seg[1]        ; 2.5 V        ; 0 s                 ; 0 s                 ; 2.62 V                       ; 4.05e-08 V                   ; 2.72 V              ; -0.0349 V           ; 0.173 V                              ; 0.1 V                                ; 2.72e-10 s                  ; 2.69e-10 s                  ; Yes                        ; Yes                        ; 2.62 V                      ; 4.05e-08 V                  ; 2.72 V             ; -0.0349 V          ; 0.173 V                             ; 0.1 V                               ; 2.72e-10 s                 ; 2.69e-10 s                 ; Yes                       ; Yes                       ;
; seg[2]        ; 2.5 V        ; 0 s                 ; 0 s                 ; 2.62 V                       ; 4.05e-08 V                   ; 2.72 V              ; -0.0349 V           ; 0.173 V                              ; 0.1 V                                ; 2.72e-10 s                  ; 2.69e-10 s                  ; Yes                        ; Yes                        ; 2.62 V                      ; 4.05e-08 V                  ; 2.72 V             ; -0.0349 V          ; 0.173 V                             ; 0.1 V                               ; 2.72e-10 s                 ; 2.69e-10 s                 ; Yes                       ; Yes                       ;
; seg[3]        ; 2.5 V        ; 0 s                 ; 0 s                 ; 2.62 V                       ; 4.05e-08 V                   ; 2.72 V              ; -0.0349 V           ; 0.173 V                              ; 0.1 V                                ; 2.72e-10 s                  ; 2.69e-10 s                  ; Yes                        ; Yes                        ; 2.62 V                      ; 4.05e-08 V                  ; 2.72 V             ; -0.0349 V          ; 0.173 V                             ; 0.1 V                               ; 2.72e-10 s                 ; 2.69e-10 s                 ; Yes                       ; Yes                       ;
; seg[4]        ; 2.5 V        ; 0 s                 ; 0 s                 ; 2.62 V                       ; 4.05e-08 V                   ; 2.72 V              ; -0.0349 V           ; 0.173 V                              ; 0.1 V                                ; 2.72e-10 s                  ; 2.69e-10 s                  ; Yes                        ; Yes                        ; 2.62 V                      ; 4.05e-08 V                  ; 2.72 V             ; -0.0349 V          ; 0.173 V                             ; 0.1 V                               ; 2.72e-10 s                 ; 2.69e-10 s                 ; Yes                       ; Yes                       ;
; seg[5]        ; 2.5 V        ; 0 s                 ; 0 s                 ; 2.62 V                       ; 4.05e-08 V                   ; 2.72 V              ; -0.0349 V           ; 0.173 V                              ; 0.1 V                                ; 2.72e-10 s                  ; 2.69e-10 s                  ; Yes                        ; Yes                        ; 2.62 V                      ; 4.05e-08 V                  ; 2.72 V             ; -0.0349 V          ; 0.173 V                             ; 0.1 V                               ; 2.72e-10 s                 ; 2.69e-10 s                 ; Yes                       ; Yes                       ;
; seg[6]        ; 2.5 V        ; 0 s                 ; 0 s                 ; 2.62 V                       ; 4.05e-08 V                   ; 2.72 V              ; -0.0349 V           ; 0.173 V                              ; 0.1 V                                ; 2.72e-10 s                  ; 2.69e-10 s                  ; Yes                        ; Yes                        ; 2.62 V                      ; 4.05e-08 V                  ; 2.72 V             ; -0.0349 V          ; 0.173 V                             ; 0.1 V                               ; 2.72e-10 s                 ; 2.69e-10 s                 ; Yes                       ; Yes                       ;
; seg[7]        ; 2.5 V        ; 0 s                 ; 0 s                 ; 2.62 V                       ; 4.05e-08 V                   ; 2.72 V              ; -0.0349 V           ; 0.173 V                              ; 0.1 V                                ; 2.72e-10 s                  ; 2.69e-10 s                  ; Yes                        ; Yes                        ; 2.62 V                      ; 4.05e-08 V                  ; 2.72 V             ; -0.0349 V          ; 0.173 V                             ; 0.1 V                               ; 2.72e-10 s                 ; 2.69e-10 s                 ; Yes                       ; Yes                       ;
; dig[0]        ; 2.5 V        ; 0 s                 ; 0 s                 ; 2.62 V                       ; 4.05e-08 V                   ; 2.72 V              ; -0.0349 V           ; 0.173 V                              ; 0.1 V                                ; 2.72e-10 s                  ; 2.69e-10 s                  ; Yes                        ; Yes                        ; 2.62 V                      ; 4.05e-08 V                  ; 2.72 V             ; -0.0349 V          ; 0.173 V                             ; 0.1 V                               ; 2.72e-10 s                 ; 2.69e-10 s                 ; Yes                       ; Yes                       ;
; dig[1]        ; 2.5 V        ; 0 s                 ; 0 s                 ; 2.62 V                       ; 4.05e-08 V                   ; 2.72 V              ; -0.0349 V           ; 0.173 V                              ; 0.1 V                                ; 2.72e-10 s                  ; 2.69e-10 s                  ; Yes                        ; Yes                        ; 2.62 V                      ; 4.05e-08 V                  ; 2.72 V             ; -0.0349 V          ; 0.173 V                             ; 0.1 V                               ; 2.72e-10 s                 ; 2.69e-10 s                 ; Yes                       ; Yes                       ;
; dig[2]        ; 2.5 V        ; 0 s                 ; 0 s                 ; 2.62 V                       ; 4.05e-08 V                   ; 2.64 V              ; -0.0113 V           ; 0.208 V                              ; 0.179 V                              ; 2.38e-09 s                  ; 2.23e-09 s                  ; No                         ; Yes                        ; 2.62 V                      ; 4.05e-08 V                  ; 2.64 V             ; -0.0113 V          ; 0.208 V                             ; 0.179 V                             ; 2.38e-09 s                 ; 2.23e-09 s                 ; No                        ; Yes                       ;
; dig[3]        ; 2.5 V        ; 0 s                 ; 0 s                 ; 2.62 V                       ; 4.05e-08 V                   ; 2.72 V              ; -0.0349 V           ; 0.173 V                              ; 0.1 V                                ; 2.72e-10 s                  ; 2.69e-10 s                  ; Yes                        ; Yes                        ; 2.62 V                      ; 4.05e-08 V                  ; 2.72 V             ; -0.0349 V          ; 0.173 V                             ; 0.1 V                               ; 2.72e-10 s                 ; 2.69e-10 s                 ; Yes                       ; Yes                       ;
; ~ALTERA_DCLK~ ; 2.5 V        ; 0 s                 ; 0 s                 ; 2.62 V                       ; 2.22e-08 V                   ; 2.74 V              ; -0.06 V             ; 0.158 V                              ; 0.08 V                               ; 2.68e-10 s                  ; 2.19e-10 s                  ; Yes                        ; Yes                        ; 2.62 V                      ; 2.22e-08 V                  ; 2.74 V             ; -0.06 V            ; 0.158 V                             ; 0.08 V                              ; 2.68e-10 s                 ; 2.19e-10 s                 ; Yes                       ; Yes                       ;
; ~ALTERA_nCEO~ ; 2.5 V        ; 0 s                 ; 0 s                 ; 2.62 V                       ; 3.54e-08 V                   ; 2.7 V               ; -0.00943 V          ; 0.276 V                              ; 0.035 V                              ; 3.19e-10 s                  ; 4.99e-10 s                  ; No                         ; Yes                        ; 2.62 V                      ; 3.54e-08 V                  ; 2.7 V              ; -0.00943 V         ; 0.276 V                             ; 0.035 V                             ; 3.19e-10 s                 ; 4.99e-10 s                 ; No                        ; Yes                       ;
+---------------+--------------+---------------------+---------------------+------------------------------+------------------------------+---------------------+---------------------+--------------------------------------+--------------------------------------+-----------------------------+-----------------------------+----------------------------+----------------------------+-----------------------------+-----------------------------+--------------------+--------------------+-------------------------------------+-------------------------------------+----------------------------+----------------------------+---------------------------+---------------------------+


+-----------------------------------------------------------------------------------+
; Setup Transfers                                                                   ;
+-------------------+-------------------+----------+----------+----------+----------+
; From Clock        ; To Clock          ; RR Paths ; FR Paths ; RF Paths ; FF Paths ;
+-------------------+-------------------+----------+----------+----------+----------+
; clock             ; clock             ; 8319     ; 0        ; 0        ; 0        ;
; debounce:key0|alt ; clock             ; 143      ; 1        ; 0        ; 0        ;
; debounce:key1|alt ; clock             ; 143      ; 1        ; 0        ; 0        ;
; debounce:key2|alt ; clock             ; 143      ; 1        ; 0        ; 0        ;
; debounce:key3|alt ; clock             ; 143      ; 1        ; 0        ; 0        ;
; debounce:key0|alt ; debounce:key0|alt ; 1        ; 0        ; 0        ; 0        ;
; debounce:key1|alt ; debounce:key1|alt ; 1        ; 0        ; 0        ; 0        ;
; debounce:key2|alt ; debounce:key2|alt ; 1        ; 0        ; 0        ; 0        ;
; debounce:key3|alt ; debounce:key3|alt ; 1        ; 0        ; 0        ; 0        ;
+-------------------+-------------------+----------+----------+----------+----------+
Entries labeled "false path" only account for clock-to-clock false paths and not path-based false paths. As a result, actual path counts may be lower than reported.


+-----------------------------------------------------------------------------------+
; Hold Transfers                                                                    ;
+-------------------+-------------------+----------+----------+----------+----------+
; From Clock        ; To Clock          ; RR Paths ; FR Paths ; RF Paths ; FF Paths ;
+-------------------+-------------------+----------+----------+----------+----------+
; clock             ; clock             ; 8319     ; 0        ; 0        ; 0        ;
; debounce:key0|alt ; clock             ; 143      ; 1        ; 0        ; 0        ;
; debounce:key1|alt ; clock             ; 143      ; 1        ; 0        ; 0        ;
; debounce:key2|alt ; clock             ; 143      ; 1        ; 0        ; 0        ;
; debounce:key3|alt ; clock             ; 143      ; 1        ; 0        ; 0        ;
; debounce:key0|alt ; debounce:key0|alt ; 1        ; 0        ; 0        ; 0        ;
; debounce:key1|alt ; debounce:key1|alt ; 1        ; 0        ; 0        ; 0        ;
; debounce:key2|alt ; debounce:key2|alt ; 1        ; 0        ; 0        ; 0        ;
; debounce:key3|alt ; debounce:key3|alt ; 1        ; 0        ; 0        ; 0        ;
+-------------------+-------------------+----------+----------+----------+----------+
Entries labeled "false path" only account for clock-to-clock false paths and not path-based false paths. As a result, actual path counts may be lower than reported.


---------------
; Report TCCS ;
---------------
No dedicated SERDES Transmitter circuitry present in device or used in design


---------------
; Report RSKM ;
---------------
No non-DPA dedicated SERDES Receiver circuitry present in device or used in design


+------------------------------------------------+
; Unconstrained Paths Summary                    ;
+---------------------------------+-------+------+
; Property                        ; Setup ; Hold ;
+---------------------------------+-------+------+
; Illegal Clocks                  ; 0     ; 0    ;
; Unconstrained Clocks            ; 0     ; 0    ;
; Unconstrained Input Ports       ; 5     ; 5    ;
; Unconstrained Input Port Paths  ; 93    ; 93   ;
; Unconstrained Output Ports      ; 15    ; 15   ;
; Unconstrained Output Port Paths ; 377   ; 377  ;
+---------------------------------+-------+------+


+------------------------------------------------------------+
; Clock Status Summary                                       ;
+-------------------+-------------------+------+-------------+
; Target            ; Clock             ; Type ; Status      ;
+-------------------+-------------------+------+-------------+
; clock             ; clock             ; Base ; Constrained ;
; debounce:key0|alt ; debounce:key0|alt ; Base ; Constrained ;
; debounce:key1|alt ; debounce:key1|alt ; Base ; Constrained ;
; debounce:key2|alt ; debounce:key2|alt ; Base ; Constrained ;
; debounce:key3|alt ; debounce:key3|alt ; Base ; Constrained ;
+-------------------+-------------------+------+-------------+


+---------------------------------------------------------------------------------------------------+
; Unconstrained Input Ports                                                                         ;
+------------+--------------------------------------------------------------------------------------+
; Input Port ; Comment                                                                              ;
+------------+--------------------------------------------------------------------------------------+
; key[0]     ; No input delay, min/max delays, false-path exceptions, or max skew assignments found ;
; key[1]     ; No input delay, min/max delays, false-path exceptions, or max skew assignments found ;
; key[2]     ; No input delay, min/max delays, false-path exceptions, or max skew assignments found ;
; key[3]     ; No input delay, min/max delays, false-path exceptions, or max skew assignments found ;
; rst_n      ; No input delay, min/max delays, false-path exceptions, or max skew assignments found ;
+------------+--------------------------------------------------------------------------------------+


+-----------------------------------------------------------------------------------------------------+
; Unconstrained Output Ports                                                                          ;
+-------------+---------------------------------------------------------------------------------------+
; Output Port ; Comment                                                                               ;
+-------------+---------------------------------------------------------------------------------------+
; buzzer      ; No output delay, min/max delays, false-path exceptions, or max skew assignments found ;
; dig[0]      ; No output delay, min/max delays, false-path exceptions, or max skew assignments found ;
; dig[1]      ; No output delay, min/max delays, false-path exceptions, or max skew assignments found ;
; led[0]      ; No output delay, min/max delays, false-path exceptions, or max skew assignments found ;
; led[1]      ; No output delay, min/max delays, false-path exceptions, or max skew assignments found ;
; led[2]      ; No output delay, min/max delays, false-path exceptions, or max skew assignments found ;
; led[3]      ; No output delay, min/max delays, false-path exceptions, or max skew assignments found ;
; seg[0]      ; No output delay, min/max delays, false-path exceptions, or max skew assignments found ;
; seg[1]      ; No output delay, min/max delays, false-path exceptions, or max skew assignments found ;
; seg[2]      ; No output delay, min/max delays, false-path exceptions, or max skew assignments found ;
; seg[3]      ; No output delay, min/max delays, false-path exceptions, or max skew assignments found ;
; seg[4]      ; No output delay, min/max delays, false-path exceptions, or max skew assignments found ;
; seg[5]      ; No output delay, min/max delays, false-path exceptions, or max skew assignments found ;
; seg[6]      ; No output delay, min/max delays, false-path exceptions, or max skew assignments found ;
; seg[7]      ; No output delay, min/max delays, false-path exceptions, or max skew assignments found ;
+-------------+---------------------------------------------------------------------------------------+


+---------------------------------------------------------------------------------------------------+
; Unconstrained Input Ports                                                                         ;
+------------+--------------------------------------------------------------------------------------+
; Input Port ; Comment                                                                              ;
+------------+--------------------------------------------------------------------------------------+
; key[0]     ; No input delay, min/max delays, false-path exceptions, or max skew assignments found ;
; key[1]     ; No input delay, min/max delays, false-path exceptions, or max skew assignments found ;
; key[2]     ; No input delay, min/max delays, false-path exceptions, or max skew assignments found ;
; key[3]     ; No input delay, min/max delays, false-path exceptions, or max skew assignments found ;
; rst_n      ; No input delay, min/max delays, false-path exceptions, or max skew assignments found ;
+------------+--------------------------------------------------------------------------------------+


+-----------------------------------------------------------------------------------------------------+
; Unconstrained Output Ports                                                                          ;
+-------------+---------------------------------------------------------------------------------------+
; Output Port ; Comment                                                                               ;
+-------------+---------------------------------------------------------------------------------------+
; buzzer      ; No output delay, min/max delays, false-path exceptions, or max skew assignments found ;
; dig[0]      ; No output delay, min/max delays, false-path exceptions, or max skew assignments found ;
; dig[1]      ; No output delay, min/max delays, false-path exceptions, or max skew assignments found ;
; led[0]      ; No output delay, min/max delays, false-path exceptions, or max skew assignments found ;
; led[1]      ; No output delay, min/max delays, false-path exceptions, or max skew assignments found ;
; led[2]      ; No output delay, min/max delays, false-path exceptions, or max skew assignments found ;
; led[3]      ; No output delay, min/max delays, false-path exceptions, or max skew assignments found ;
; seg[0]      ; No output delay, min/max delays, false-path exceptions, or max skew assignments found ;
; seg[1]      ; No output delay, min/max delays, false-path exceptions, or max skew assignments found ;
; seg[2]      ; No output delay, min/max delays, false-path exceptions, or max skew assignments found ;
; seg[3]      ; No output delay, min/max delays, false-path exceptions, or max skew assignments found ;
; seg[4]      ; No output delay, min/max delays, false-path exceptions, or max skew assignments found ;
; seg[5]      ; No output delay, min/max delays, false-path exceptions, or max skew assignments found ;
; seg[6]      ; No output delay, min/max delays, false-path exceptions, or max skew assignments found ;
; seg[7]      ; No output delay, min/max delays, false-path exceptions, or max skew assignments found ;
+-------------+---------------------------------------------------------------------------------------+


+--------------------------+
; Timing Analyzer Messages ;
+--------------------------+
Info: *******************************************************************
Info: Running Quartus Prime Timing Analyzer
    Info: Version 20.1.0 Build 711 06/05/2020 SJ Lite Edition
    Info: Processing started: Wed May 13 17:13:49 2026
Info: Command: quartus_sta genius_game -c genius_game
Info: qsta_default_script.tcl version: #1
Warning (18236): Number of processors has not been specified which may cause overloading on shared machines.  Set the global assignment NUM_PARALLEL_PROCESSORS in your QSF to an appropriate value for best performance.
Info (20030): Parallel compilation is enabled and will use 16 of the 24 processors detected
Info (21077): Low junction temperature is 0 degrees C
Info (21077): High junction temperature is 85 degrees C
Critical Warning (332012): Synopsys Design Constraints File file not found: 'genius_game.sdc'. A Synopsys Design Constraints File is required by the Timing Analyzer to get proper timing constraints. Without it, the Compiler will not properly optimize the design.
Info (332142): No user constrained base clocks found in the design. Calling "derive_clocks -period 1.0"
Info (332105): Deriving Clocks
    Info (332105): create_clock -period 1.000 -name clock clock
    Info (332105): create_clock -period 1.000 -name debounce:key0|alt debounce:key0|alt
    Info (332105): create_clock -period 1.000 -name debounce:key1|alt debounce:key1|alt
    Info (332105): create_clock -period 1.000 -name debounce:key2|alt debounce:key2|alt
    Info (332105): create_clock -period 1.000 -name debounce:key3|alt debounce:key3|alt
Info (332143): No user constrained clock uncertainty found in the design. Calling "derive_clock_uncertainty"
Info (332123): Deriving Clock Uncertainty. Please refer to report_sdc in the Timing Analyzer to see clock uncertainties.
Info: Found TIMING_ANALYZER_REPORT_SCRIPT_INCLUDE_DEFAULT_ANALYSIS = ON
Info: Analyzing Slow 1200mV 85C Model
Critical Warning (332148): Timing requirements not met
    Info (11105): For recommendations on closing timing, run Report Timing Closure Recommendations in the Timing Analyzer.
Info (332146): Worst-case setup slack is -6.998
    Info (332119):     Slack       End Point TNS Clock 
    Info (332119): ========= =================== =====================
    Info (332119):    -6.998            -811.160 clock 
    Info (332119):    -0.196              -0.196 debounce:key1|alt 
    Info (332119):    -0.002              -0.002 debounce:key0|alt 
    Info (332119):     0.011               0.000 debounce:key3|alt 
    Info (332119):     0.014               0.000 debounce:key2|alt 
Info (332146): Worst-case hold slack is 0.425
    Info (332119):     Slack       End Point TNS Clock 
    Info (332119): ========= =================== =====================
    Info (332119):     0.425               0.000 clock 
    Info (332119):     0.520               0.000 debounce:key2|alt 
    Info (332119):     0.528               0.000 debounce:key3|alt 
    Info (332119):     0.534               0.000 debounce:key0|alt 
    Info (332119):     0.715               0.000 debounce:key1|alt 
Info (332140): No Recovery paths to report
Info (332140): No Removal paths to report
Info (332146): Worst-case minimum pulse width slack is -3.201
    Info (332119):     Slack       End Point TNS Clock 
    Info (332119): ========= =================== =====================
    Info (332119):    -3.201            -357.587 clock 
    Info (332119):    -1.487              -2.974 debounce:key0|alt 
    Info (332119):    -1.487              -2.974 debounce:key1|alt 
    Info (332119):    -1.487              -2.974 debounce:key2|alt 
    Info (332119):    -1.487              -2.974 debounce:key3|alt 
Info: Analyzing Slow 1200mV 0C Model
Info (334003): Started post-fitting delay annotation
Info (334004): Delay annotation completed successfully
Info (332123): Deriving Clock Uncertainty. Please refer to report_sdc in the Timing Analyzer to see clock uncertainties.
Critical Warning (332148): Timing requirements not met
    Info (11105): For recommendations on closing timing, run Report Timing Closure Recommendations in the Timing Analyzer.
Info (332146): Worst-case setup slack is -6.442
    Info (332119):     Slack       End Point TNS Clock 
    Info (332119): ========= =================== =====================
    Info (332119):    -6.442            -739.075 clock 
    Info (332119):    -0.095              -0.095 debounce:key1|alt 
    Info (332119):     0.099               0.000 debounce:key0|alt 
    Info (332119):     0.110               0.000 debounce:key3|alt 
    Info (332119):     0.112               0.000 debounce:key2|alt 
Info (332146): Worst-case hold slack is 0.382
    Info (332119):     Slack       End Point TNS Clock 
    Info (332119): ========= =================== =====================
    Info (332119):     0.382               0.000 clock 
    Info (332119):     0.486               0.000 debounce:key2|alt 
    Info (332119):     0.492               0.000 debounce:key3|alt 
    Info (332119):     0.500               0.000 debounce:key0|alt 
    Info (332119):     0.662               0.000 debounce:key1|alt 
Info (332140): No Recovery paths to report
Info (332140): No Removal paths to report
Info (332146): Worst-case minimum pulse width slack is -3.201
    Info (332119):     Slack       End Point TNS Clock 
    Info (332119): ========= =================== =====================
    Info (332119):    -3.201            -357.587 clock 
    Info (332119):    -1.487              -2.974 debounce:key0|alt 
    Info (332119):    -1.487              -2.974 debounce:key1|alt 
    Info (332119):    -1.487              -2.974 debounce:key2|alt 
    Info (332119):    -1.487              -2.974 debounce:key3|alt 
Info: Analyzing Fast 1200mV 0C Model
Info (332123): Deriving Clock Uncertainty. Please refer to report_sdc in the Timing Analyzer to see clock uncertainties.
Critical Warning (332148): Timing requirements not met
    Info (11105): For recommendations on closing timing, run Report Timing Closure Recommendations in the Timing Analyzer.
Info (332146): Worst-case setup slack is -2.299
    Info (332119):     Slack       End Point TNS Clock 
    Info (332119): ========= =================== =====================
    Info (332119):    -2.299            -212.338 clock 
    Info (332119):     0.499               0.000 debounce:key1|alt 
    Info (332119):     0.559               0.000 debounce:key0|alt 
    Info (332119):     0.564               0.000 debounce:key2|alt 
    Info (332119):     0.564               0.000 debounce:key3|alt 
Info (332146): Worst-case hold slack is 0.145
    Info (332119):     Slack       End Point TNS Clock 
    Info (332119): ========= =================== =====================
    Info (332119):     0.145               0.000 clock 
    Info (332119):     0.204               0.000 debounce:key2|alt 
    Info (332119):     0.207               0.000 debounce:key3|alt 
    Info (332119):     0.210               0.000 debounce:key0|alt 
    Info (332119):     0.276               0.000 debounce:key1|alt 
Info (332140): No Recovery paths to report
Info (332140): No Removal paths to report
Info (332146): Worst-case minimum pulse width slack is -3.000
    Info (332119):     Slack       End Point TNS Clock 
    Info (332119): ========= =================== =====================
    Info (332119):    -3.000            -254.436 clock 
    Info (332119):    -1.000              -2.000 debounce:key0|alt 
    Info (332119):    -1.000              -2.000 debounce:key1|alt 
    Info (332119):    -1.000              -2.000 debounce:key2|alt 
    Info (332119):    -1.000              -2.000 debounce:key3|alt 
Info (332102): Design is not fully constrained for setup requirements
Info (332102): Design is not fully constrained for hold requirements
Info: Quartus Prime Timing Analyzer was successful. 0 errors, 5 warnings
    Info: Peak virtual memory: 592 megabytes
    Info: Processing ended: Wed May 13 17:13:50 2026
    Info: Elapsed time: 00:00:01
    Info: Total CPU time (on all processors): 00:00:01


